QUERY_TERM	PMID	JOURNAL_TITLE	YEAR	PMCID	DOI	PMC_CITATION_COUNT	INDRA_STATEMENT_COUNT	OC_CITATION_COUNT	INDRA_QUERY_TERM_STATEMENT_COUNT	MESH_TERMS
DMRT1	32628996	Comp. Biochem. Physiol. B, Biochem. Mol. Biol.	2020		10.1016/j.cbpb.2020.110467	0	0	0	278	Male|Female|Animals|Humans|*Sex Differentiation|*Oestradiol|*Gonads|Ovary|Testis|Feminization|SOX9 protein, human|SOX9 Transcription Factor|*Estrogens|Fishes|Disorders of Sex Development|Sex Ratio|Larvae
DMRT1	32590948	BMC Genomics	2020	PMC7318502	10.1186/s12864-020-06852-z	0	0	0	278	Female|Male|Animals|*Ducks|*Gonad|*Transcriptome Analysis|Ovaries|Transcriptome|Testes|Sex Differentiation|Gene Expression Regulation|*Cell Differentiation|*Aquatic Organisms
DMRT1	32497821	Environ. Pollut.	2020		10.1016/j.envpol.2020.114857	0	0	0	278	Animals|Humans|*Zebrafish|*Larvae|Ultraviolet Rays|dioxybenzone|*Benzophenones|oxybenzone|AHR protein, human|Aryl Hydrocarbon Receptor|*Transcriptome Analyses|Estrogens|Endocrine System|Sunscreening Agents|Water Pollutants, Chemical|Xenobiotics|Gene Expression|Basic Helix-Loop-Helix Transcription Factors
DMRT1	32447491	Virchows Arch.	2020		10.1007/s00428-020-02843-3	0	0	0	278	Male|Humans|Adult|Female|Middle Aged|Aged|*Testis|Comparative Genomic Hybridization|*Sex Cord-Gonadal Stromal Tumors|*Testicular Tumors|Neoplasms, Germ Cell and Embryonal|*Aneuploidy|*Chromosomes|Granulosa Cell Tumor|Immunohistochemistry|Ovarian Neoplasms|*Germ Cell|Chromosomal Aberrations|Diagnosis, Differential
DMRT1	32396908	Sex Dev	2020		10.1159/000507838	0	0	0	278	Male|Female|Animals|*Forkhead Box Protein L2|*Turtles|Sex Determination Processes|Sex Differentiation|Gonads|SOX9 protein, human|SOX9 Transcription Factor|DMRT1 protein|Ovary|Testis|Embryo, Nonmammalian|Gene Expression Regulation, Developmental|Temperature|Amino Acid Sequence
DMRT1	32389707	Gene	2020		10.1016/j.gene.2020.144756	0	0	0	278	Animals|Male|Female|*mRNA|*Transcriptome|*Turtles|RNA, Long Noncoding|Gene Ontology|MicroRNAs|*Non-Coding RNA|Gene Expression Profiling|*Sexual Dimorphisms|Gene Expression Regulation, Neoplastic|Computational Biology|RNAs, Circular|Sex Differentiation|Gonads|Upregulation
DMRT1	32388872	J. Fish Biol.	2020		10.1111/jfb.14366	0	0	0	278	Female|Animals|*Ovary|11-ketotestosterone|isinglass|*Testosterone|*Forkhead Box Protein L2|*Receptors, Gonadotropin|*Gelatin|Receptors, FSH|*Fishes|Oocytes|Sex Differentiation|Fish Proteins|Gene Expression|mRNA
DMRT1	32376450	Gene	2020		10.1016/j.gene.2020.144754	0	0	0	278	Male|Female|Animals|*DNA Methylation|*Gonads|Epigenesis, Genetic|hydrogen sulfite|Sulfites|Genome|Promoter Regions, Genetic|Transcriptome Analysis|*Croaker|Sequencing, Whole Genome
DMRT1	32282145	Zool. Sci.	2020		10.2108/zs190054	0	0	0	278	Sex Determination Processes|Sex Differentiation|Hermaphroditic Organisms|Transcription Factors|Base Sequence|Cloning, Molecular|Gene Expression Regulation, Developmental|Amino Acid Sequence|DNA, Complementary|RNA, Messenger|Phylogeny
DMRT1	32268081	Cell Rep	2020		10.1016/j.celrep.2020.03.055	0	0	0	278	Male|Female|Animals|Chick Embryo|*Sex Differentiation|*Chicken|*Transcriptome|*Gonad|Sex Determination Processes|Testis|Transcription Factors|Ovary|Gene Expression Regulation, Developmental|*Embryo, Mammalian
DMRT1	32265199	Biol Open	2020	PMC7132775	10.1242/bio.050054	0	0	0	278	Female|Male|Animals|*Oryzias|*Lipid Metabolism|Sex Determination Processes|Hermaphroditic Organisms|Gonads|Phenotype|*Starvation|Transcription Factors
DMRT1	32251494	Genet. Mol. Biol.	2020	PMC7198010	10.1590/1678-4685-GMB-2019-0017	0	0	0	278	Male|Female|Mice|Animals|*Tumor Suppressor Protein p53|Tandem Mass Spectrometry|DMRT1 protein|Transcription Factor|Testes|TCF3 protein, human|Basic Helix-Loop-Helix Transcription Factors|Transcriptional Activation|Germ-Line Cells|Gene Expression Regulation, Developmental|Gonads|Ovary|Xenopus laevis|Promoter Regions, Genetic|mRNA|Prkra protein, mouse|RNA-Binding Proteins
DMRT1	32222764	Endocrinology	2020		10.1210/endocr/bqaa048	0	0	0	278	Male|Female|Animals|*Zebrafish|11-ketotestosterone|*Hydrocortisone|Spermatogenesis|*Testosterone|*Development, Sexual|Testis|Sex Differentiation|Zebrafish Proteins|*Reproduction|Ovary|Androgens|Oogenesis|Steroid 17-alpha-Hydroxylase
DMRT1	32219030	PeerJ	2020	PMC7085895	10.7717/peerj.8801	0	0	0	278	Male|Female|Animals|Flatfishes|Testis|Fish Proteins|DNA Methylation|Ovary|Cloning, Molecular
DMRT1	32219017	PeerJ	2020	PMC7085901	10.7717/peerj.8639	1	0	0	278	Animals|*Alternative Splicing|DMRT1 protein|Transcription Factors|Sex Determination Processes|Turtles|Gonads|Embryo, Nonmammalian|Gene Expression Regulation, Developmental|Amino Acid Sequence|Temperature
DMRT1	32194623	Front Genet	2020	PMC7061903	10.3389/fgene.2020.00133	0	0	0	278	Male|Female|Animals|*Ovary|*Testis|*Turtles|Gene Expression Profiling|Sex Differentiation|Transcriptome|High-Throughput Nucleotide Sequencing|MicroRNAs|Gene Expression Regulation, Developmental
DMRT1	32173540	Gene	2020		10.1016/j.gene.2020.144581	0	0	0	278	Male|Female|Animals|*Testis|*Fundulidae|Gonads|*Killifishes|Spermatogenesis|*Self-Fertilizations|Sex Differentiation|Ovary|Sex Determination Processes|Oogenesis|Fish Proteins|Gene Expression Regulation, Developmental|Transcription Factors|Forkhead Box Protein L2|Cloning, Molecular|Hermaphroditism
DMRT1	32102677	Stem Cell Res Ther	2020	PMC7045406	10.1186/s13287-020-01600-2	0	0	0	278	Mice|Male|Animals|*Mouse Embryonic Stem Cells|*Sertoli Cells|*Cell Differentiation|Sex Determination Processes|Sex-Determining Region Y Protein|Sex Differentiation|Testis|SOX9 Transcription Factor|Intermediate Mesoderm
DMRT1	32099981	Sheng Li Xue Bao	2020			0	0	0	278	Male|Female|Mice|Animals|*Gonads|Sex Determination Processes|Testis|Sex Differentiation|Sex-Determining Region Y Protein|Ovary|*Cell Differentiation|CTNNB1 protein, human|beta Catenin|Wnt4 Protein|Germ Cells|SOX9 Transcription Factor|Forkhead Box Protein L2|Gene Expression Regulation, Developmental|FGFR2 protein, human|Receptor, Fibroblast Growth Factor, Type 2|SOXE Transcription Factors|Embryonic Development
DMRT1	32088770	Mar. Biotechnol.	2020		10.1007/s10126-020-09956-5	0	0	0	278	Animals|Male|Female|Humans|*Oreochromis niloticus|*Temperature|*Gonad|*Transcriptome Profiling|Sex Differentiation|Sex Determination Processes|Transcriptome Profile|Hot Temperature|Genotype|*Virilism
???	32654427	J Biophotonics	2020		10.1002/jbio.202000203	0	0	0	0	Humans|Laser Doppler Flowmetry|Confocal Microscopy|Coherence Tomography, Optical|Fluorescence Imaging|Fluorescence Spectroscopy|*Diabetes Mellitus|Diabetes Complications
???	32654426	J. Thromb. Haemost.	2020		10.1111/jth.14999	0	0	0	0	Child|Humans|Myeloproliferative Disorders|*Thrombophilias|Janus Kinase 2|Venous Thrombosis|Mutation|Risk Factors|Genetic Predisposition to Disease|Blood Coagulation Tests|JAK2 protein, human
???	32654425	Colorectal Dis	2020		10.1111/codi.15251	0	0	0	0	*Anal Fistula|*Surgical Flaps|Fecal Incontinence|*Recurrence|Anal Canal|Retrospective Studies|*Urinary Incontinence|Treatment Outcome|Postoperative Complications|Risk Factors
???	32654424	Int J Lang Commun Disord	2020		10.1111/1460-6984.12553	0	0	0	0	Humans|*Laryngectomy|Language Therapy|Speech Therapy|Clinical Skill|3'-(1-butylphosphoryl)adenosine
???	32654423	J Diabetes Investig	2020		10.1111/jdi.13357	0	0	0	0	Humans|*Diabetic Ketoacidosis|*Phosphate|B-insulin|*Insulin|*Insulin, Regular, Human|Hypophosphatemia|Diabetes Mellitus, Type 1|Infusions, Intravenous|*Heart|*Nervous System Physiological Phenomena|Biotin|Dietary Supplements
???	32654422	Am. J. Transplant.	2020		10.1111/ajt.16192	0	0	0	0	Humans|Aged|severe acute respiratory syndrome coronavirus 2|tocilizumab|COVID-19|Cohort Studies|*Kidney Transplantation|Betacoronavirus|IL6R protein, human|Interleukin 6 Receptor|*Antibodies, Monoclonal, Humanized|Pneumonia, Viral|Coronavirus Infection|Pandemic|Interleukin 6|Acute Respiratory Distress Syndrome|fibrin fragment D|Fibrin Fibrinogen Degradation Products|Severity of Illness Index
???	32654421	Biotechnol J	2020		10.1002/biot.202000160	0	0	0	0	Humans|*Biocompatible Materials|Tissue Engineering|*Wound Healing|Foreign-Body Reaction|*Immunity, Cellular
???	32654420	J. Thromb. Haemost.	2020		10.1111/jth.14998	0	0	0	0	Endothelial Progenitor Cells|Neovascularization, Physiologic|Cells, Cultured|Cell Proliferation|*Disease, Vascular
???	32654419	Cancer Commun (Lond)	2020		10.1002/cac2.12078	0	0	0	0	Prospective Studies|*Sequencing, RNA|Single-Cell Analysis|Transcriptome Analyses|*Base Sequence|High-Throughput Nucleotide Sequencing|*B-Lymphocytes|scRNA|*Whole Exome Sequencing|Transcriptome|Software|*Tumor|Tumor Microenvironment
???	32654418	J Diabetes Investig	2020		10.1111/jdi.13358	0	0	0	0	Humans|Transplantation, Islet|Pancreas Transplantation|Diabetes Mellitus, Insulin Dependent|*Pancreas|*Stem Cell|Insulin|Stem Cell Transplantation
???	32654417	Colorectal Dis	2020		10.1111/codi.15247	0	0	0	0	Humans|COVID-19|severe acute respiratory syndrome coronavirus 2|*Critical Pathways|Pneumonia, Viral|Coronavirus Infections|Betacoronavirus|*Pandemic|*Colorectal Cancer|Digestive System Surgical Procedures|Infectious Disease Transmission, Patient-to-Professional|Elective Surgical Procedures|*Colonic Neoplasms|Surgery, Minimally Invasive|Infection Control|Laparoscopy
???	32654416	Breast J	2020		10.1111/tbj.13965	0	0	0	0	Female|Humans|*Breast Density|Mammography|Magnetic Resonance Imaging|Risk Factor|*Biomarkers
???	32654415	Int J Dent Hyg	2020		10.1111/idh.12457	0	0	0	0	Humans|*Night Eating Syndrome|DMF Index|Circadian Rhythm|Surveys and Questionnaires|Periodontal Disease
???	32654414	Am. J. Transplant.	2020		10.1111/ajt.16193	0	0	0	0	Humans|United States|Cohort Studies|Waiting Lists|*Travel|Health Services Accessibility|Lung Transplantation
???	32654413	J. Appl. Microbiol.	2020		10.1111/jam.14784	0	0	0	0	*Fusarium|*Musa|*Antifungal Agents|*Streptomyces|Plant Diseases|Transcriptome|Gene Expression Profiling
???	32654412	Am. J. Transplant.	2020		10.1111/ajt.16189	0	0	0	0	Humans|*Polyoma Virus|Polyomavirus Infections|*Kidney Diseases|BK Virus|Tumor Virus Infections|Kidney Transplantation|Graft Rejection|Kidney|Biopsy|Transplantation, Homologous|Viral Load
???	32654411	Child Adolesc Ment Health	2020		10.1111/camh.12406	0	0	0	0	Adolescent|Child|Humans|severe acute respiratory syndrome coronavirus 2|COVID-19|Betacoronavirus|Pandemic|Coronavirus Infections|Pneumonia, Viral|Moral Injury|Health Personnel|Grief|Systems, Healthcare|Telehealth|Fatigue
???	32654410	J. Thromb. Haemost.	2020		10.1111/jth.15003	0	0	0	0	Humans|*Nucleosomes|*Histones|Neutrophil Extracellular Traps|Citrullination|Neutrophils|*Plasma|Biomarkers|Thrombosis|Prognosis|Cancer|Sepsis|*Biological Assay
???	32654409	J Cosmet Dermatol	2020		10.1111/jocd.13619	0	0	0	0	United States|Deoxycholic Acid|Cosmetic Techniques|Chin|Injections, Subcutaneous|Adipose Tissue|Lipolysis|Esthetics|*Reconstructive Surgical Procedures
???	32654408	Acad Emerg Med	2020		10.1111/acem.14084	0	0	0	0	Humans|severe acute respiratory syndrome coronavirus 2|fibrin fragment D|COVID-19|*Triage|Betacoronavirus|*Fibrin Fibrinogen Degradation Products|Pneumonia, Viral|Pandemics|Coronavirus Infections
PI15	32645918	J Clin Med	2020		10.3390/jcm9072139	0	0	0	30	Carotid Intima-Media Thickness|*Prediabetic State|Prospective Studies|*Carotid Atherosclerosis|Plaque, Atherosclerotic|Atherosclerosis|Carotid Arteries|Risk Factors|Cross-Sectional Studies|Cardiovascular Diseases|Cohort Studies
PI15	32645888	Genes (Basel)	2020		10.3390/genes11070757	0	0	0	30	*Myotonic Dystrophy|*Thymine|*Cytosine|*Guanine|Myotonin-Protein Kinase|Trinucleotide Repeat Expansion|Trinucleotide Repeats|Polymerase Chain Reaction
PI15	32640991	BMC Fam Pract	2020		10.1186/s12875-020-01207-9	0	0	0	30	Humans|*Secondary Care|*Cross-Sectional Studies|Spain|*Physicians|Primary Healthcare|*Government Programs|Continuity of Patient Care|Healthcare|Qualitative Research|Surveys and Questionnaires|*Research Personnel|*Medical Assistance
PI15	32635473	Cancers (Basel)	2020		10.3390/cancers12071790	0	0	0	30	Humans|Mice|Animals|Neoplasm Recurrence, Local|Carcinoma, Pancreatic Ductal|Pancreatic Carcinoma|Pancreatic Neoplasms|*Cancer Stem Cells|*Pancreas|Xenograft Model Antitumor Assays|*Lysosomes|Gene Expression Regulation, Neoplastic|Cell Proliferation|Signal Transduction|Disease Models, Animal
PI15	32607644	J. Neurol.	2020		10.1007/s00415-020-10018-y	0	0	0	30	carbidopa, levodopa drug combination|*Levodopa|*Parkinson Disease|*Double-Blind Method|Carbidopa|Antiparkinson Agents|Administration, Oral|Drug Combinations|Gels|Cognition
PI15	32605302	Diagnostics (Basel)	2020		10.3390/diagnostics10070437	0	0	0	30	Humans|*Methylation|*Colorectal Cancer|Occult Blood|Early Detection of Cancer|Colonoscopy|Adenoma|Specificity|CpG Island|NEUROG1 protein, human|*Basic Helix-Loop-Helix Transcription Factors|Biomarkers, Tumor|Feces|*Nerve Tissue Proteins|*Colonic Neoplasms|Promoter Regions, Genetic|Case-Control Studies|Cohort Studies
PI15	32575903	Cancers (Basel)	2020		10.3390/cancers12061644	0	0	0	30	Humans|*Bile|Pancreatic Carcinoma|Pancreatic Neoplasms|*Constriction, Pathologic|Adenocarcinoma|Proteomics|*Cholestasis|Cholangiocarcinoma|Bile Duct Neoplasms|Biomarkers, Tumor|ROC Curve|Bile Ducts, Intrahepatic|*Machine Learning
PI15	32560448	Int J Environ Res Public Health	2020	PMC7344565	10.3390/ijerph17124334	0	0	0	30	Adult|Humans|Female|Male|*Adiposity|*Glycogen Storage Disease Type V|*Obesity|Body Mass Index|Absorptiometry, Dual Energy X Ray|*Lifestyle|Anthropometry|Body Fat|Physical Activity|*Sex Differences
PI15	32545680	Cancers (Basel)	2020		10.3390/cancers12061563	0	0	0	30	Humans|Female|Mice|Animals|*Transfection|fragile histidine triad protein|*Acid Anhydride Hydrolases|MHC Class I Molecules|*Neoplasm Proteins|Histocompatibility Antigens Class II|Genes, MHC Class I|Cytotoxic T-Lymphocytes|Antigens, Neoplasm|Immunotherapy|Neoplasm Transplantation|Tumor Cell Lines|Interferon-gamma
PI15	32526941	Int J Mol Sci	2020	PMC7312774	10.3390/ijms21114113	0	0	0	30	Epigenesis, Genetic|*Diabetic Nephropathies|Acetylation|DNA Methylation|Histones|apabetalone|Quinazolinones|Protein Processing, Post-Translational|Gene Expression Regulation|Diabetes Mellitus
PI15	32492865	Antioxidants (Basel)	2020		10.3390/antiox9060468	0	0	0	30	*Cancer|Epigenesis, Genetic|DNA Methylation|Non-Coding RNA|Modifications, Histone|Histones|Epigenetic|Gene Expression Regulation, Neoplastic|Protein Processing, Post-Translational|*Oxidative Stress
PI15	32486066	Cancers (Basel)	2020		10.3390/cancers12061406	0	0	0	30	Humans|*Gastrointestinal Microbiome|Dysbiosis|*Colorectal Cancer|Probiotics|Bacteria|Short-Chain Fatty Acids|Diet|*Colonic Neoplasms|Symbiosis|Inflammation
PI15	32472071	Nat Commun	2020	PMC7260233	10.1038/s41467-020-16395-2	0	0	0	30	*Mitophagy|Ubiquitins|Interferon|Cytokines|*Cancer Stem Cell|Oxidative Phosphorylation|Mitochondria|Pancreatic Cancer
PI15	32466483	Cells	2020		10.3390/cells9061330	0	0	0	30	*Lamin Type A|*Cell Differentiation|Mesenchymal Stem Cells|Osteogenesis|*Bone|Adipogenesis|Osteoblasts|Nuclear Lamina|Cell Nucleus
PI15	32456136	Vaccines (Basel)	2020		10.3390/vaccines8020245	0	0	0	30	
PI15	32450866	BMC Med Inform Decis Mak	2020	PMC7249321	10.1186/s12911-020-1093-4	0	0	0	30	Software Engineering|Health Information Systems|Hospital Information Systems|Language|Semantics
PI15	32449012	J Neural Transm (Vienna)	2020		10.1007/s00702-020-02211-0	0	0	0	30	Humans|NOS3 protein, human|*Nitric Oxide Synthase Type III|*Multiple Sclerosis|Iran|Alleles|Single Nucleotide Polymorphism|Genotype|Genetic Predisposition to Disease|Gene Frequency|HLA DRB1|Introns|Case-Control Studies|Nitric Oxide|European Continental Ancestry Group
PI15	32424700	Clin Transl Oncol	2020		10.1007/s12094-020-02355-1	0	0	0	30	Spain|Registries
PI15	32422965	Genes (Basel)	2020	PMC7288452	10.3390/genes11050550	0	0	0	30	Retina|Retinal Ganglion Cell|Retinal Degeneration|Glaucoma|Optic Nerve
PI15	32407924	Neuropharmacology	2020		10.1016/j.neuropharm.2020.108081	0	0	0	30	*Alzheimer Disease|*Drug Discovery|Amyloid beta-Peptides|tau Proteins|Neurogranin|Biomarkers|Precision Medicine|*Liquid Biopsy|*Signal Transduction|*Biochemical Phenomena
PROM1	32646556	Ophthalmol Retina	2020		10.1016/j.oret.2020.02.009	0	0	0	583	Humans|*Cone-Rod Dystrophies|*Fundus Oculi|*Retinitis Pigmentosa|Lipofuscin|Fluorescein Angiography|*Retinal Cone Photoreceptor Cells|Retinal Pigment Epithelium|Ophthalmoscopy|Macular Degeneration|Tomography, Optical Coherence|Optical Imaging
PROM1	32622311	Transl Oncol	2020	PMC7332530	10.1016/j.tranon.2020.100819	0	0	0	583	*Glioma|Isocitrate Dehydrogenase|Brain Neoplasms|Mutations|Heterozygote|*Upregulation|DNA Methylation|*Transcriptional Activation|*Neural Stem Cell|*Biomarkers
PROM1	32554499	Proc. Natl. Acad. Sci. U.S.A.	2020		10.1073/pnas.1920829117	0	0	0	583	Nerve Regeneration|Axons|Ganglia, Spinal|Sciatic Nerve|Neurons|Peripheral Nerve Injury|*Stem Cell|Cells, Cultured
PROM1	32534057	Gene	2020		10.1016/j.gene.2020.144890	0	0	0	583	Humans|Child|*Stargardt Disease|*Chinese|Macular Degeneration|Pedigree|Exons|Heterozygote|Retinal Dystrophies|Mutation|Genetic Association Studies|ATP-Binding Cassette Transporters|Genetic Variation|BEST1 protein, human|Bestrophins
PROM1	32460847	Stem Cell Res Ther	2020	PMC7251672	10.1186/s13287-020-01729-0	0	0	0	583	Humans|*Human Embryonic Stem Cells|Pluripotent Stem Cells|*Teratoma|Embryonic Stem Cells|Cell Differentiation|Cell Line|Preimplantation Embryos|Prominin 1|Cancer Stem Cell|Cell Proliferation
PROM1	32423767	Ophthalmology	2020		10.1016/j.ophtha.2020.04.008	0	0	0	583	*Retina|*Retinal Disease|Retinitis Pigmentosa|DNA Mutational Analysis|Peripherins|Eye Proteins|Pedigree|Genetic Testing|*Cohort Studies|Mutation|United Kingdom
PROM1	32401642	Autophagy	2020		10.1080/15548627.2020.1752548	0	0	0	583	Female|Pregnancy|Humans|*Autophagy|Apoptosis Regulatory Proteins|Endoplasmic Reticulum Stress|Signal Transduction|Apoptosis|*Cancer|*Endometrium
PROM1	32347296	Biosci. Rep.	2020		10.1042/BSR20200514	0	0	0	583	Humans|Child|*Precursor Cell Lymphoblastic Leukemia-Lymphoma|Myeloid-Lymphoid Leukemia Protein|Histone-Lysine N-Methyltransferase|Gene Rearrangement|Hematopoietic Stem Cell Transplantation|Gene Expression Profiling|Module, Gene|Gene Expression|HOXA10 protein, human|Homeobox A10 Proteins|FUT4 protein, human|Fucosyltransferases
PROM1	32242051	Leukemia	2020		10.1038/s41375-020-0808-y	0	0	0	583	Humans|Infant|Child|Myeloid-Lymphoid Leukemia Protein|*Promoter Regions, Genetic|Oncogene Proteins, Fusion|Histone-Lysine N-Methyltransferase|Gene Expression Regulation, Leukemic|*Cancer Stem Cell|Leukemia|Enhancer Elements, Genetic|Methylation|Histones|Prominin 1|Cell Line, Tumor|MLL-AF4 fusion protein, human|PROM1 protein, human
PROM1	32222998	Hepatology	2020		10.1002/hep.31252	0	0	0	583	Humans|*Organoids|*Biliary Tree|Bile Ducts, Extrahepatic|Intrahepatic Bile Ducts|Liver|Epithelial Cells
PROM1	32219447	Blood	2020		10.1182/blood.2019003701	0	0	0	583	Humans|*Leukemia, Myeloid, Acute|Proto-Oncogenes|MDS1 and EVI1 Complex Locus Protein|Translocation, Genetic|Transcription Factors|GATA2 protein, human|GATA2 Transcription Factor|Karyotyping|Chromosome Aberrations|In Situ Hybridization, Fluorescence|Genes, Regulator|MECOM protein, human
PROM1	32201384	J. Biol. Chem.	2020	PMC7196652	10.1074/jbc.RA119.011253	0	0	0	583	Animals|Humans|*Zebrafish|*AC133 Antigen|Zebrafish Proteins|Cilia|Body Patterning|Photoreceptor Cells|Mutation
PROM1	32197467	Cells	2020	PMC7140693	10.3390/cells9030746	0	0	0	583	Humans|*Carcinoma, Hepatocellular|*Phosphatidylinositol 3-Kinases|*Proto-Oncogene Proteins c-akt|*Liver Neoplasms|MTOR protein, human|*TOR Serine-Threonine Kinases|*Signal Transduction|Cell Movement|Cell Line, Tumor|Viability, Cell|Apoptosis|Hep G2 Cells|BCL2 protein, human|Proto-Oncogene Proteins c-bcl-2|Cell Proliferation|BX795|Pyrimidines|Thiophenes
PROM1	32176088	Medicine (Baltimore)	2020		10.1097/MD.0000000000019491	0	0	0	583	Humans|*Squamous Cell Carcinoma of Head and Neck|*DNA Methylation|Head and Neck Neoplasms|*Promoter Regions, Genetic|Prognosis|Carcinoma, Squamous Cell|Proportional Hazards Models|Gene Expression Regulation, Neoplastic|Biomarkers, Tumor|Disease-Free Survival|Bioinformatic|Tumor Stem Cells|*Genes, Regulator|PROM1 protein, human|AC133 Antigen
PROM1	32165211	Life Sci.	2020		10.1016/j.lfs.2020.117536	0	0	0	583	Humans|*Glioblastoma|*Progesterone|Brain Tumors|Neoplastic Stem Cells|AC133 Antigen|*Number, Cell|Glioma|Spheroids, Cellular|Cell Differentiation|Cell Line, Tumor|Cell Proliferation|Gene Expression Regulation, Neoplastic|Antigens, CD
PROM1	32153627	Front Genet	2020	PMC7046682	10.3389/fgene.2019.01378	1	0	0	583	*Glioblastoma|*Consensus|*Survival Analysis|Prognosis|Transcriptome Profiles|Gene Expression Profiling|Gene Expression Regulation, Neoplastic|Kaplan-Meier Estimate|Biomarkers, Tumor|Proportional Hazards Models
PROM1	32118031	Front Mol Biosci	2020	PMC7010860	10.3389/fmolb.2020.00003	0	0	0	583	Humans|*Squamous Cell Carcinoma of Head and Neck|*Lymphatic Metastasis|Head and Neck Neoplasms|Carcinoma, Squamous Cell|Lymph Nodes|Cancer Stem Cells|Biomarkers, Tumor
PROM1	32058643	Cancer Sci.	2020	PMC7226280	10.1111/cas.14345	1	0	0	583	Humans|bufalin|*Factor B|*Multidrug Resistance|*Bufanolides|*Colorectal Cancer|Drug Resistance, Neoplasm|Antineoplastic Agents|AC133 Antigen|Signal Transduction|Neoplastic Stem Cells|Cell Line, Tumor|Phosphatidylinositol 3-Kinases|Proto-Oncogene Proteins c-akt|Gene Expression Regulation, Neoplastic|Xenograft Model Antitumor Assays|ATP Binding Cassette Transporter, Subfamily B|Cell Proliferation|*Colonic Neoplasms
PROM1	32036094	J Mol Diagn	2020		10.1016/j.jmoldx.2020.01.003	0	0	0	583	Humans|Female|DNA Copy Number Variations|Comparative Genomic Hybridization|Retinitis Pigmentosa|DNA Mutational Analysis|Retinal Dystrophies|Sequencing, Next-Generation|Pedigree|Mutations|Genotype-Phenotype Associations|Eye Proteins|Phenotype|Genetic Counseling|Cohort Studies
PROM1	31897247	J Cancer	2020	PMC6930440	10.7150/jca.29038	0	0	0	583	
edil3	32550557	Gene X	2020	PMC7285916	10.1016/j.gene.2020.100031	0	0	0	230	Humans|Mesenchymal Stromal Cells|Bone Marrow Cells|Cell Differentiation|Cells, Cultured|Thy-1 Antigens|NT5E protein, human|5'-Nucleotidase|Fibroblasts|Biomarkers|Cell Proliferation|Antigens, CD|Flow Cytometry|GPI-Linked Proteins
edil3	32383290	Proteomics	2020		10.1002/pmic.201900289	0	0	0	230	Male|Humans|*Semen|*Proteomics|*Spermatozoon|*Seminal Vesicles|Sperm Motility|Epididymis|Fertility|*Extracellular Vesicles|Testis|Genitalia, Male|Membrane Proteins|Cell Membrane|LY6K protein, human|Antigens, Ly|GPI-Linked Proteins
edil3	32367296	J. Neurol.	2020		10.1007/s00415-020-09865-6	0	0	0	230	Humans|*Subarachnoid Hemorrhage|*Intracranial Aneurysm|*Exome|Aneurysm, Ruptured|*Whole Exome Sequencing|Risk Factors|Genetic Predisposition to Disease
edil3	31869263	Curr. Eye Res.	2019		10.1080/02713683.2019.1656748	0	0	0	230	
edil3	31817673	Int J Mol Sci	2019	PMC6941134	10.3390/ijms20246162	0	0	0	230	Humans|*Triple-Negative Breast Cancer|MicroRNAs|Neoplasm Invasiveness|Gene Expression Regulation, Neoplastic|Cell Proliferation|Cell Movement|3' Untranslated Regions|Cell Line, Tumor|*Neoplastic Processes|MIRN137 microRNA, human
edil3	31358619	J. Biol. Chem.	2019	PMC6779430	10.1074/jbc.RA119.009799	0	0	0	230	Animals|*Biomineralization|*Egg Shell|MFGE8 protein, human|*Milk Proteins|*Glycoproteins|*Antigens, Surface|Calcification, Physiologic|Chickens|Eggs|Proteomics|Minerals
edil3	31330520	Oncology	2019		10.1159/000501340	0	1	0	230	Humans|*Tamoxifen|Antineoplastic Agents, Hormonal|Drug Resistance, Neoplasm|Cell Line, Tumor|MCF-7 Cells|Gene Expression Regulation, Neoplastic|Cell Proliferation|Signal Transduction|RNA, Small Interfering
edil3	31110935	J Bone Oncol	2019	PMC6512748	10.1016/j.jbo.2019.100238	0	0	0	230	Mice|Animals|*Osteogenesis|*Myeloid-Derived Suppressor Cells|Cell Line, Tumor|Osteoclast|Carrier Proteins
edil3	30961491	Curr Pharm Biotechnol	2019	PMC6806535	10.2174/1389201020666190408112822	0	0	0	230	Humans|Female|*Endometrial Cancer|Neovascularization, Pathologic|Neoplasm Grading|Biomarkers, Tumor|Gene Expression Regulation, Neoplastic|Tumor Microenvironment|EDIL3 protein, human|Carrier Proteins
edil3	30885428	Trends Mol Med	2019	PMC6488420	10.1016/j.molmed.2019.02.010	7	0	0	230	Inflammation|Neutrophils|Phagocytosis|Periodontitis|Leukocytes|Integrins|Immunomodulation|*Immunologic Factors|Homeostasis|Myelopoiesis
edil3	30743056	Neurobiol. Aging	2019		10.1016/j.neurobiolaging.2019.01.003	0	0	0	230	Animals|Mice|*Mice, Inbred C57BL|*Prion Disease|Prions|PrPSc Proteins|Microglia|Prion Protein|Phagocytosis|Brain|MFGE8 protein, human|Antigens, Surface|Inflammation|Milk Proteins|Disease Progression|Scrapie|Mfge8 protein, mouse
edil3	30716086	PLoS ONE	2019	PMC6361458	10.1371/journal.pone.0211647	1	22	0	230	Humans|Ehlers-Danlos syndrome type 1|*Ehlers-Danlos Syndrome|*Transcriptome|Type V Collagen|*Fibroblasts|Skin Abnormalities|*Transcriptome Profiling|Extracellular Matrix|FN1 protein, human|Fibronectin|Collagen|Connective Tissues|Cells, Cultured|Mutations|Haploinsufficiency|Integrins|Genes, cdc|Joint Hypermobility
edil3	30455459	Nat. Immunol.	2018	PMC6291356	10.1038/s41590-018-0249-1	15	8	0	230	Humans|Mice|Animals|*Phagocytosis|*Macrophage|*Inflammation|Neutrophils|Periodontitis|Cytokines|Mice, Transgenic|Carrier Proteins|Disease Models, Animal|Cell Adhesion|Apoptosis|Upregulation
edil3	30278915	J. Surg. Res.	2018		10.1016/j.jss.2018.04.066	1	11	0	230	Mice|Animals|*Chondrocytes|Osteoarthritis|Cartilage, Articular|*Protein Binding|Signal Transduction|*Protective Agents|Carrier Proteins|Anoikis|Cells, Cultured|*Protein Transport|Integrins
edil3	30243807	Pathol. Res. Pract.	2018		10.1016/j.prp.2018.09.010	3	1	0	230	*Squamous Cell Carcinoma of Head and Neck|Gene Expression Profiling|Gene Expression Regulation, Neoplastic|MicroRNAs|Head and Neck Neoplasms|Biomarkers, Tumor|Computational Biology
edil3	29684347	Biochem. Biophys. Res. Commun.	2018		10.1016/j.bbrc.2018.04.158	1	0	0	230	Humans|Animals|*Peritoneal Diseases|Tissue Adhesions|Peritoneum|Tissue Plasminogen Activator|Fibrosis|Inflammation|Plasminogen Activator Inhibitor 1|Postoperative Complications|Transforming Growth Factor beta1|Inflammation Mediators|Disease Models, Animal
edil3	29437247	Immunol. Cell Biol.	2018		10.1111/imcb.12023	2	3	0	230	Humans|IL17A protein, human|*Interleukin-17|*Asthma|Eosinophils|Bronchoalveolar Lavage Fluid|Hypersensitivity|Cytokines|Ovalbumin|ICAM1 protein, human|Intercellular Adhesion Molecule-1|Inflammation|Interferon-gamma
edil3	29393238	Oncology	2018		10.1159/000485658	1	1	0	230	Humans|*Triple-Negative Breast Cancer|Receptors, Progesterone|Prognosis|Receptors, Estrogen|Receptor, ErbB-2|Carcinoma, Ductal, Breast|Biomarkers, Tumor
edil3	29375985	Int J Ophthalmol	2018	PMC5767652	10.18240/ijo.2018.01.04	2	7	0	230	Humans|*Epithelial-Mesenchymal Transition|*Epithelial Cells|Capsule Opacification|Transforming Growth Factor beta2|Lens, Crystalline|Cell Movement|Signal Transduction|Cells, Cultured|Cell Proliferation|Cell Line|EDIL3 protein, human|Carrier Proteins
edil3	29182679	PLoS ONE	2017	PMC5705136	10.1371/journal.pone.0188749	6	33	0	230	Mice|Animals|RUNX2 protein, human|*Core Binding Factor Alpha 1 Subunit|*Extracellular Signal Regulated Kinases|*Extracellular Matrix Proteins|*Osteogenesis|*Cell Differentiation|Osteoblasts|*Integrins|Osteocalcin|Phosphorylation|Alkaline Phosphatase|Signal Transduction|Gene Expression Regulation|Transcription Factor|Cell Line|Extracellular Matrix|Runx2 protein, mouse
P12883	10973260	Nat. Genet.	2000		10.1038/79069	45	0	2	0	Humans|MYH9-Related Disorders|*Myosin Heavy Chains|Giant Platelet Syndrome with Thrombocytopenia|*Thrombocytopenia|*Hearing Loss, Sensorineural|Molecular Motor Proteins|*Mutation|Blood Platelet Disorders|Genes, Dominant|Platelet|Phenotype|Pedigree|Megakaryocytes|Amino Acid Sequence|Syndrome|Leukocytes|MYH9 protein, human
P12883	8862525	Mol. Biol. Cell	1996	PMC275963	10.1091/mbc.7.7.1123	31	0	1	0	Dictyostelium|*Myosin|Myosin Subfragments|Actins|Protein Conformation|Amino Acid Sequence|Binding Sites|Protein Binding|Models, Molecular|Kinetics|Adenosine Triphosphate|Phenotypes|Mutagenesis, Site-Directed|Mutagenesis
P12883	8089177	J. Cell Biol.	1994	PMC2290954	10.1083/jcb.126.6.1445	133	1	2	0	Animals|Rabbits|ezrin|*Actins|radixin|*Cytoskeletal Proteins|*Protein Binding|moesin|Microfilament Proteins|Cytoskeleton|Binding Sites|Phosphoproteins|Amino Acid Sequence|Plasma Membrane|Schwannomin
Crb2	32545533	Int J Mol Sci	2020		10.3390/ijms21124197	0	0	0	140	Dependovirus|*Transgene|Genetic Vectors|Genetic Therapy|Gene Transfer Techniques|Plasmid|*Eye|Regulatory Sequences, Nucleic Acid|Promoter Regions, Genetic|DNA, Viral
Crb2	32487038	BMC Cancer	2020	PMC7268477	10.1186/s12885-020-07000-2	0	0	0	140	Humans|Male|Animals|*Prostate Cancers|Radium-223|*Crows|Androgen Antagonists|Neoplasm Recurrence, Local|*Radium|Radiosurgery|radium Ra 223 dichloride|Progression-Free Survival|Quality of Life
Crb2	32377352	Hortic Res	2020	PMC7193625	10.1038/s41438-020-0282-8	0	0	0	140	United States|*Centers for Medicare and Medicaid Services, U.S.|Plasmodiophorida|*Cytoplasm|Plant Disease|Brassica|*Fertility
Crb2	32272846	Circulation	2020		10.1161/CIRCULATIONAHA.119.043939	0	0	0	140	*Mitral Valve Insufficiency|*Myocytes, Cardiac|Left Ventricular Dysfunction|Ventricular Function, Left|Ventricular Remodeling|Valvular Heart Diseases|Heart Failure|Cardiomyopathies|*Hypertrophy
Crb2	32164628	BMC Public Health	2020	PMC7068979	10.1186/s12889-020-8417-2	0	0	0	140	Humans|South Africa|Anti-HIV Agents|CD4 Lymphocyte Count|Prisons|Viral Load|Prisoners|HIV Infections|Retrospective Studies
Crb2	32150534	PLoS Biol.	2020	PMC7108746	10.1371/journal.pbio.3000470	0	0	0	140	Mice|Animals|NES protein, human|Nestin|Neuroglia|Spinal Cord|*Cone-Rod Dystrophies|Neurons|*Cerebral Ventricles
Crb2	32051522	J. Hum. Genet.	2020		10.1038/s10038-020-0731-0	0	0	0	140	Pregnancy|Female|Humans|*Preimplantation Diagnosis|Cystic Kidney Disease with Ventriculomegaly|*Cerebral Ventriculomegaly|Genetic Testing|Prenatal Diagnosis|Nephrosis, congenital|Nephrotic Syndrome|*Polycystic Kidney Diseases|Mutation|Pedigree|Phenotype|Amniotic Fluid|*Nervous System Malformations|alpha-Fetoproteins
Crb2	31795518	Genes (Basel)	2019	PMC6947654	10.3390/genes10120987	2	0	0	140	Infant, Newborn|Humans|*Retina|Leber Congenital Amaurosis|*Organogenesis|Retinal Degeneration|Nerve Tissue Proteins|Membrane Proteins|Organoids|Human Embryonic Stem Cell|Cell Differentiation|Stem Cell|Cell Polarity|Signal Transduction|*Fetus
Crb2	31718797	Biochem. Biophys. Res. Commun.	2019		10.1016/j.bbrc.2019.11.013	1	0	0	140	Humans|Mice|Animals|Vascular Endothelial Growth Factor A|Endothelial Cells|*Retina|Amaurosis congenita of Leber, type 1|Leber Congenital Amaurosis|Membrane Proteins|TYRP1 protein, human|*Membrane Glycoproteins|Nerve Tissue Proteins|Mutation|Cell Polarity
Crb2	31681427	Front Genet	2019	PMC6798392	10.3389/fgene.2019.00993	2	0	0	140	Animals|*Transcriptome|*Chickens|*Ecotype|Kenya|*Altitude|*Stress, Heat|*Muscle, Skeletal|Gene Expression Profiling|Network, Gene|*Heat Stress Disorders|Sequencing, RNA|Hot Temperature|Stress, Physiological|*Biological Phenomena|*Drug Tolerance|Signal Transduction|*Heart
Crb2	31521342	J. Dairy Sci.	2019		10.3168/jds.2019-16979	0	0	0	140	Pregnancy|Cattle|Female|Animals|*Genome-Wide Association Study|*Fertility|Artificial Insemination|Reproduction|Estrus Synchronization|Lactation|Pregnancy Rate|Parity|Progesterone|Anti-Mullerian Hormone|Gonadotropin-Releasing Hormone|*Phenotypes
Crb2	31500572	BMC Infect. Dis.	2019	PMC6734288	10.1186/s12879-019-4429-x	1	0	0	140	Humans|*Tuberculosis|Diarylquinolines|Pyrazinamide|Antitubercular Agents|Tuberculosis, Multidrug-Resistant|Rifampin|Moxifloxacin|Nitroimidazoles
Crb2	31443145	Materials (Basel)	2019	PMC6720434	10.3390/ma12162593	0	0	0	140	*Nickel|*Steel|*Blood Platelets|Surface Properties|Stainless Steel|Zirconium|Materials Testing|Coated Materials, Biocompatible|Alloys|Particle Size|Hardness|Ceramic|Plasma Gases|X-Ray Diffraction|Powders|Microscopy, Electron, Scanning
Crb2	31438467	Int J Mol Sci	2019	PMC6747345	10.3390/ijms20174069	3	0	0	140	Mice|Animals|*Contrast Sensitivity|*Rod Photoreceptors|*Retina|Leber Congenital Amaurosis|Retinitis Pigmentosa|Photoreceptor Cells, Vertebrate|Electroretinography|Nerve Tissue Proteins|Membrane Proteins|Ependymoglial Cells|Mice, Knockout|Mice, Inbred C57BL|Mutation|Disease Models, Animal|Crb2 protein, mouse
Crb2	31209189	Iran J Kidney Dis	2019			0	0	0	140	Child|Humans|Nephrosis, congenital|*Nephrotic Syndrome|DNA Mutational Analysis|Intracellular Signaling Peptides and Proteins|Mutations|Membrane Proteins|WT1 Proteins|Exons|Genetic Predisposition to Disease|Steroids
Crb2	31196032	BMC Cancer	2019	PMC6567492	10.1186/s12885-019-5805-z	0	0	0	140	United States|Humans|Male|MDV 3100|*Prostate-Specific Antigen|Androgen Antagonists|*Double-Blind Method|Neoplasm Recurrence, Local|*Phenylthiohydantoin|Androgen Receptor Antagonists|Prostatic Neoplasms, Castration-Resistant|*Prostatectomy|Kallikreins|Disease-Free Survival|*Salvage Therapy|*Prostate|Kaplan-Meier Estimate|*Seminal Vesicles|Antineoplastic Agents|*Chronic Disease
Crb2	31145883	Dev. Biol.	2019		10.1016/j.ydbio.2019.05.008	0	1	0	140	Humans|Mice|Animals|*Leber Congenital Amaurosis|Retinitis Pigmentosa 12|Retinitis Pigmentosa|Retina|Electroretinography|Photoreceptor Cells|Membrane Proteins|Retinal Degeneration|Nerve Tissue Proteins|Eye Proteins|Ependymoglial Cells|Mice, Knockout|Mutations|Disease Models, Animal|Neuroglia|Progenitor Cells|CRB1 protein, human|CRB2 protein, human
Crb2	30996265	Sci Rep	2019	PMC6470164	10.1038/s41598-019-42549-4	3	0	0	140	Child|Humans|*Tomography, Optical Coherence|Hydrocephalus, X-linked|*Congenital Hydrocephalus|Cerebral Aqueduct|Cerebral Ventricles|Ependyma|L1CAM|Genetic Diseases, X-Linked|Cilia
Crb2	30956116	Stem Cell Reports	2019	PMC6522954	10.1016/j.stemcr.2019.03.002	6	0	0	140	Humans|Mice|Animals|*Induced Pluripotent Stem Cells|*Photoreceptor Cells|*Retina|*Glia|Retinitis Pigmentosa|Photoreceptor Cells, Vertebrate|Eye Proteins|Nerve Tissue Proteins|Membrane Proteins|Ependymoglial Cells|Carrier Proteins|Mice, Inbred C57BL|Disease Models, Animal|CRB1 protein, human|CRB2 protein, human|Crb1 protein, mouse|Crb2 protein, mouse
Crb2	30811481	PLoS ONE	2019	PMC6392294	10.1371/journal.pone.0212365	1	0	0	140	*Mycobacteriophages|Siphoviridae|Mycobacterium smegmatis|Genome, Viral|Mycobacterium tuberculosis|Base Sequence|Phylogeny|Phages
P17010	8905149	Biochimie	1996		10.1016/0300-9084(96)84762-6	0	0	0	0	Chromosomes, Fungal|S cerevisiae|DNA, Fungal|Sequence Alignment|Genes, Fungal|Amino Acid Sequence|Sequence Homology, Amino Acid|Open Reading Frames|*Computers|Fungal Proteins|Algorithms|Sequence Analysis|Multigene Family
CHD7	32627857	Prenat. Diagn.	2020		10.1002/pd.5781	0	0	0	406	Pregnancy|Female|Humans|*Prospective Studies|*Exome|*Diagnostic Tests, Routine|*Ultrasonography, Prenatal|*Whole Exome Sequencing|*Abnormalities, Multiple|Fetuses|Prenatal Diagnosis|Genetic Testing
CHD7	32625235	Front Genet	2020	PMC7314916	10.3389/fgene.2020.00592	0	0	0	406	Humans|*CHARGE Syndrome|*Phenotype|*Genetic Testing|*Genotype|DNA Helicases|Mutations|Coloboma|Pedigree|DNA-Binding Proteins|Congenital Heart Defects|Choanal Atresia|Cohort Studies|CHD7 protein, human
CHD7	32612575	Front Endocrinol (Lausanne)	2020	PMC7308526	10.3389/fendo.2020.00368	0	0	0	406	
CHD7	32611869	J Indian Soc Pedod Prev Dent	2020		10.4103/JISPPD.JISPPD_320_19	0	0	0	406	Infant, Newborn|Humans|*Choanal Atresia|*CHARGE Syndrome|*Nipples|*Nose|Coloboma|Heart Defects, Congenital|Mutation|Genitalia
CHD7	32573075	Mol Genet Genomic Med	2020		10.1002/mgg3.1372	0	0	0	406	Humans|Male|*DNA Helicases|CHARGE Syndrome|Kallmann Syndrome|Hypogonadism, Isolated Hypogonadotropic|*Chinese|Phenotype|Mutation|DNA-Binding Proteins|*Infertility|ACTH Deficiency, Isolated|Endocrine System Diseases|Adrenocorticotropic Hormone|Hypoglycemia|CHD7 protein, human
CHD7	32509017	Exp Ther Med	2020	PMC7271729	10.3892/etm.2020.8683	0	0	0	406	Humans|Female|Infant|*CHARGE Syndrome|DNA Helicases|Mutations|DNA-Binding Proteins|Pedigree|Phenotype|Marcus Gunn phenomenon|Heart Defects, Congenital|Blepharoptosis|Reflex, Abnormal
CHD7	32502225	PLoS ONE	2020	PMC7274392	10.1371/journal.pone.0234246	0	0	0	406	Humans|Infant, Newborn|Mice|Animals|Esophageal atresia with or without tracheoesophageal fistula|*Esophageal Atresia|*Exome|Tracheoesophageal Fistula|Trichorhinophalangeal Syndrome, Type I|*Langer-Giedion Syndrome|*Hair Diseases|*Nose|*Fingers|Prevalence|TRPS1 protein, human|DNA-Binding Proteins|Transcription Factors|ZFHX3 protein, human|Homeodomain Proteins|CHD7 protein, human|DNA Helicases|Zfhx3 protein, mouse
CHD7	32493418	Orphanet J Rare Dis	2020	PMC7268350	10.1186/s13023-020-01421-9	0	0	0	406	Humans|*Autism Spectrum Disorder|*Cross-Sectional Studies|*CHARGE Syndrome|Autism|Diagnostic and Statistical Manual of Mental Disorders|Phenotype|Behavioral Problems
CHD7	32477919	Transl Pediatr	2020	PMC7237969	10.21037/tp.2020.03.09	0	0	0	406	Male|Humans|Infant, Newborn|*CHARGE Syndrome|DNA Helicases|DNA-Binding Proteins|Phenotype|*Chinese|Mutation
CHD7	32436650	Acta Ophthalmol	2020		10.1111/aos.14427	0	0	0	406	Child|Young Adult|Humans|*Anophthalmos|*Microphthalmos|Ocular Prosthesis|Phenotype
CHD7	32431714	Front Immunol	2020	PMC7214791	10.3389/fimmu.2020.00830	0	0	0	406	Infant, Newborn|Mice|Animals|Humans|*DiGeorge Syndrome|Endothelial Cells|CHARGE Syndrome|Thymocytes|Forkhead Transcription Factors|Cells, Epithelial|Chromosome Deletion|Zebrafish|Mice, Nude|Cell Differentiation|*Animal Models
CHD7	32400067	Andrologia	2020		10.1111/and.13594	0	0	0	406	Humans|*Kallmann Syndrome|*Whole Exome Sequencing|DNA Copy Number Variations|Hypogonadism|Mutation|Extracellular Matrix Proteins|Pedigree|DNA Helicases|Nerve Tissue Proteins|Anosmia|DNA-Binding Proteins|Genetic Heterogeneity|Genotype
CHD7	32397072	Genes (Basel)	2020	PMC7288448	10.3390/genes11050522	0	0	0	406	Animals|*Camelids, New World|*Cytogenetic|Genome|In Situ Hybridization, Fluorescence|X Chromosome|Peru
CHD7	32384900	Head Face Med	2020	PMC7206710	10.1186/s13005-020-00224-4	0	0	0	406	*CHARGE Syndrome|DNA Helicases|Phenotype|DNA-Binding Proteins
CHD7	32350000	Cancer Immunol Res	2020		10.1158/2326-6066.CIR-19-0759	0	0	0	406	*RNA, Micro|*Glioma|Glioblastoma|*Extracellular Vesicles|Brain Neoplasms|Neoplastic Stem Cells|Gene Expression Regulation, Neoplastic|Cell Proliferation|Apoptosis|*Macrophage
CHD7	32341405	Sci Rep	2020	PMC7184603	10.1038/s41598-020-63928-2	0	0	0	406	Humans|*Connectome|*Heart Defects, Congenital|Exome|Mutation|Polymorphism, Single Nucleotide|PTPN11 protein, human|Protein Tyrosine Phosphatase, Non-Receptor Type 11|ADNP protein, human|Nerve Tissue Proteins|Homeodomain Proteins|CHD4 protein, human|Mi-2 Nucleosome Remodeling and Deacetylase Complex
CHD7	32314193	Mol. Cell. Biochem.	2020		10.1007/s11010-020-03723-9	0	0	0	406	Humans|Female|Long Non-Coding RNA|*Prognosis|*Endometrial Cancer|Cell Proliferation|Gene Expression Regulation, Neoplastic|MicroRNAs|Cell Line, Tumor|Cell Movement|Apoptosis|Gastric Cancers|*Endometrium|CHD7 protein, human|DNA Helicases|DNA-Binding Proteins
CHD7	32267359	Arch Endocrinol Metab	2020		10.20945/2359-3997000000231	0	0	0	406	Humans|Female|Infant, Newborn|*CHARGE Syndrome|*Dwarfism, Pituitary|Recombinant Growth Hormone|Human Growth Hormone|Heterozygote|Mutations|Frameshift Mutation
CHD7	32247258	Stem Cell Res	2020		10.1016/j.scr.2020.101774	0	0	0	406	Humans|Female|Infant|*CHARGE Syndrome|*Mutation|Coloboma|DNA Helicases|Choanal Atresia|Phenotype|Heart Defects, Congenital|DNA-Binding Proteins|*Induced Pluripotent Stem Cells|Genitalia|CHD7 protein, human
PHOX2B	32654284	Brain Pathol.	2020		10.1111/bpa.12877	0	0	0	355	Humans|Mice|Infant, Newborn|Animals|Congenital central hypoventilation syndrome|*Hypoventilation|*Sleep Apnea, Central|NBPhox protein|Homeodomain Proteins|Transcription Factors|*Phenotype|Mutations
PHOX2B	32604166	Am. J. Surg. Pathol.	2020		10.1097/PAS.0000000000001528	0	0	0	355	Child|Infant, Newborn|Humans|Animals|*Hirschsprung Disease|CALB2 protein, human|Calretinin|Biopsy|Rectum|Enteric Nervous System|Suction|Acetylcholinesterase|*Ganglia, Invertebrate|*Neurons|Histocytochemistry|*Transcription Factor
PHOX2B	32594197	Cancer Immunol. Immunother.	2020		10.1007/s00262-020-02652-2	0	0	0	355	Mice|Humans|Animals|*Vaccines, DNA|*Polyethyleneimine|*Salmonella enterica|Neoplasm Recurrence, Local|*Neuroblastoma|*Disease Models, Animal|Salmonella Vaccines|Immunization|Cellular Immune Response|Vaccination|Salmonella typhimurium|Tyrosine Hydroxylase|BIRC5 protein, human|Survivin
PHOX2B	32590454	Appl. Immunohistochem. Mol. Morphol.	2020		10.1097/PAI.0000000000000863	0	0	0	355	*DNA Nucleotidylexotransferase|*Paraffin Embedding|Immunohistochemistry|Lymphoma, Non-Hodgkin|*Cytoplasm|Formalin|Precursor Cell Lymphoblastic Leukemia-Lymphoma|Immunoenzyme Techniques|*DNA-Directed DNA Polymerase|Diagnosis, Differential|*Cytosol
PHOX2B	32497400	Brain Pathol.	2020		10.1111/bpa.12868	0	0	0	355	Male|Humans|Rats|Animals|*Parkinson Disease|*Rats, Wistar|Proteomics|*Breathing|*Parkinson Disease, Experimental|*Neurons|Substantia Nigra|Respiratory Center|*Transcription Factors|Oxidopamine|Corpus Striatum|*Cell Nucleus|Homeodomain Proteins|Neural Pathways|Hypercapnia|Optogenetic
PHOX2B	32468398	Neurosci Bull	2020		10.1007/s12264-020-00519-1	0	0	0	355	*Locus Coeruleus|*Transcription Factors|*Neurons|Homeodomain Proteins|Congenital central hypoventilation syndrome|Sleep Apnea, Central|Hypoventilation|Breathing|Hypercapnia
PHOX2B	32335870	Acta Neurol Belg	2020		10.1007/s13760-020-01363-w	0	0	0	355	Adult|Female|Humans|Congenital central hypoventilation syndrome|*Hypoventilation|*Sleep Apnea, Central|*Transcription Factors|*Mutation|Homeodomain Proteins
PHOX2B	32296467	Atlas Genet Cytogenet Oncol Haematol	2020	PMC7158874	10.4267/2042/70771	0	0	0	355	Humans|Child|*Neuroblastoma|Prognosis|Genomics|Polymorphism, Single Nucleotide|*Neoplasms, Germ Cell and Embryonal|Mutations, Germline|Computational Biology|*Nervous System
PHOX2B	32274237	Case Rep Pediatr	2020	PMC7136801	10.1155/2020/2713606	0	0	0	355	Child|Humans|Congenital central hypoventilation syndrome|*Hypoventilation|*Sleep Apnea, Central|Homeodomain Proteins|Transcription Factors|Mutations|Heterozygote|polyalanine|Peptides
PHOX2B	32166324	Endocrinology	2020	PMC7102873	10.1210/endocr/bqaa032	0	0	0	355	Animals|Mice|*Pro-Opiomelanocortin|Arcuate Nucleus|Nucleus of the Solitary Tract|*Brainstem|Leptin|Hypothalamus|Cholecystokinin|Mice, Transgenic|Proto-Oncogene Proteins c-fos|Neurons|BDNF protein, human|Brain-Derived Neurotrophic Factor|Energy Metabolism|Body Weight|NOS1 protein, human|Nitric Oxide Synthase Type I|Tyrosine Hydroxylase
PHOX2B	32156713	J. Med. Genet.	2020		10.1136/jmedgenet-2019-106601	0	0	0	355	Humans|*Rett Syndrome|Methyl-CpG-Binding Protein 2|*Genotype|Phenotype|*Circadian Rhythm|*Autonomic Nervous System|Mutation
PHOX2B	32094113	Development	2020		10.1242/dev.185199	0	0	0	355	Animals|*Adrenergic Neurons|Transcription Factors|*Neurogenesis|Homeodomain Proteins|Locus Coeruleus|Gene Expression Regulation, Developmental|Noradrenaline|Ubiquitin Ligase E3
PHOX2B	32074727	Zhonghua Bing Li Xue Za Zhi	2020		10.3760/cma.j.issn.0529-5807.2020.02.008	0	0	0	355	
PHOX2B	31976189	Cureus	2020	PMC6968830	10.7759/cureus.6680	0	0	0	355	Infant|Humans|Male|Infant, Newborn|Congenital central hypoventilation syndrome|*Hypoventilation|*Sleep Apnea, Central|Homeodomain Proteins|Transcription Factors|Mutation|*Seizures|Genotype|Syndrome
PHOX2B	31950261	Eur. J. Pediatr.	2020		10.1007/s00431-019-03568-5	0	0	0	355	Humans|Congenital central hypoventilation syndrome|*Hypoventilation|*Sleep Apnea, Central|Homeodomain Proteins|Transcription Factors|Mutation|*Cardiac Arrhythmias|Autonomic Nervous System Diseases|Genotype|polyalanine|Peptides|Cohort Studies
PHOX2B	31911748	Indian J Crit Care Med	2020	PMC6900881	10.5005/jp-journals-10071-23286	0	0	0	355	Humans|Infant|*Interactive Ventilatory Support|Congenital central hypoventilation syndrome|*Sleep Apnea, Central|*Hypoventilation|Ventilator Weaning|Diaphragm|Respiration, Artificial|Ventilator|Respiratory Mechanics|Electromyography
PHOX2B	31837427	J Mol Diagn	2019		10.1016/j.jmoldx.2019.10.012	0	0	0	355	Humans|*mRNA|Retrospective Studies|Neoplasm Recurrence, Local|*Neuroblastoma|Prognosis|Minimal Residual Disease|Bone Marrow|Biomarkers, Tumor|collapsin response mediator protein-1|Nerve Tissue Proteins|Quantitative Real Time PCR|Phosphoproteins|*Relapse
PHOX2B	31819055	Nat Commun	2019	PMC6901540	10.1038/s41467-019-13515-5	0	2	0	355	*N-Myc Proto-Oncogene Protein|*Neuroblastoma|DNA-Binding Proteins|Gene Expression Regulation, Neoplastic|Cell Line, Tumor|Oncogenesis|Cell Proliferation|Cell Movement|Regulatory Sequences, Nucleic Acid|Transcription Factor GATA3|Gene Expression Profiling|Adrenergic Agents
PHOX2B	31767031	Orphanet J Rare Dis	2019	PMC6878652	10.1186/s13023-019-1205-3	0	0	0	355	Humans|*Hirschsprung Disease|*DNA Copy Number Variations|*Genetic Heterogeneity|Comparative Genomic Hybridization|Genome-Wide Association Study|Genetic Predisposition to Disease|Proto-Oncogene Proteins c-ret|*Genomics|Polymorphism, Single Nucleotide
PHOX2B	31749253	Genes Chromosomes Cancer	2019		10.1002/gcc.22826	0	0	0	355	Adult|Child|Humans|In Situ Hybridization, Fluorescence|*Neuroblastoma|Telomeres|Mutation|Prognosis|Immunohistochemistry|Gene Deletion
kegg	32653974	Cell. Mol. Neurobiol.	2020		10.1007/s10571-020-00918-y	0	0	0	0	Humans|*RNA, Long Noncoding|*Transcriptome|*Brain Ischemia|*Stroke|mRNA|Gene Regulatory Networks|Gene Expression Profiling|MicroRNAs|Downregulation|*Atherosclerosis|Up-Regulation|Genes, Regulator|VPS13B protein, human|Vesicular Transport Proteins
kegg	32653815	J Pharm Biomed Anal	2020		10.1016/j.jpba.2020.113435	0	0	0	0	Animals|*Paeoniae Radix|*Research Design|Hypothalamo-Hypophyseal System|Pituitary-Adrenal System|Traditional Chinese Medicine|*Metabolomics|Antidepressive Agents|Drugs, Chinese Herbal|Depression|*Plant Roots|Behavior, Animal|Disease Models, Animal|Liver
kegg	32653740	Domest. Anim. Endocrinol.	2020		10.1016/j.domaniend.2020.106512	0	0	0	0	Animals|Animal Feed|Weaning|Diet, Protein-Restricted|Gluconeogenesis|Insulin|Animals, Newborn|Liver|IGF1 protein, human|IGF-1|Muscle, Skeletal
kegg	32653437	Microb. Pathog.	2020		10.1016/j.micpath.2020.104370	0	0	0	0	Animals|*Corynebacterium pseudotuberculosis|*Spleen|*Transcriptome Analysis|Corynebacterium Infections|High-Throughput Nucleotide Sequencing|Lymphadenitis|Goats|Transcriptome|Gene Ontology|Immune System|Real-Time PCR, Quantitative|Computational Biology
kegg	32652929	BMC Microbiol.	2020		10.1186/s12866-020-01892-7	0	0	0	0	Infant|Humans|Infant, Newborn|Animals|Mice|*Gastrointestinal Microbiome|*Enterocytes|*Microbiota|Feces|RNA, Ribosomal, 16S|Bacteria|Intestines|Intestinal Epithelium|rDNA|*Biological Phenomena|Cell Proliferation
kegg	32652907	Curr. Mol. Med.	2020		10.2174/1566524020666200712181644	0	0	0	0	Rats|Animals|*MicroRNAs|*Extracellular Vesicles|Gene Expression Profiling|Gene Regulatory Networks|*Shock|*Burns
kegg	32652857	Environ. Toxicol.	2020		10.1002/tox.22994	0	0	0	0	Humans|*Nasopharyngeal Carcinoma|acylglycerol kinase|*Proto-Oncogene Proteins c-akt|*Phosphatidylinositol 3-Kinases|*Phosphotransferases (Alcohol Group Acceptor)|Nasopharyngeal Neoplasms|*Catenins|Carcinoma|*Cell Nucleus|Gene Expression Regulation, Neoplastic|beta Catenin|Cell Line, Tumor|Neoplastic Stem Cells|Signal Transduction|Cell Proliferation|*Translocation, Genetic
kegg	32652319	EBioMedicine	2020		10.1016/j.ebiom.2020.102878	0	0	0	0	Animals|Humans|*Myopia|*Sclera|Refraction, Ocular|*Hypoxia-Inducible Factor 1|Set2 protein, human|*Histone-Lysine N-Methyltransferase|Disease Models, Animal
kegg	32651991	Aging (Albany NY)	2020		10.18632/aging.103602	0	0	0	0	Humans|Female|*Polycystic Ovary Syndrome|*Oestradiol|CYP19A1 protein, human|*Aromatase|Cumulus Cells|Hyperandrogenism|Follicular Fluid|MicroRNAs|*Cytochrome P-450 CYP1A1|Gene Expression Profiling|Exosomes|Sequencing, RNA|Ovary|*Estrogens|Base Sequence|Cohort Studies|Tumor Microenvironment|MIRN1294 microRNA, human
kegg	32651898	Reprod Sci	2020		10.1007/s43032-020-00148-z	0	0	0	0	Humans|Female|*MicroRNAs|*Endometriosis|Quality of Life|Gene Expression Profiling|Endometrium|Biomarkers, Tumor|Downregulation|*Ovarian Neoplasms|Receiver Operating Characteristic|Case-Control Studies|Infertility
kegg	32651427	Sci Rep	2020		10.1038/s41598-020-68224-7	0	0	0	0	yin zhi huang|*Computational Biology|*Molecular Docking Simulation|*Drugs, Chinese Herbal|Medicine, Chinese Traditional|Signal Transduction|BRCA1 protein, human|BRCA1 Protein|*Hepatitis B|Genes, cdc
kegg	32651353	Med. Sci. Monit.	2020		10.12659/MSM.924334	0	0	0	0	Male|*Computational Biology|*Insulin Resistance|Phosphatidylinositol 3-Kinases|Protein Interaction Maps|Gene Ontology|Gene Expression Profiling|Gene Regulatory Networks|Gene Expression Regulation, Neoplastic|Software|Biomarkers, Tumor
kegg	32650679	Autoimmunity	2020		10.1080/08916934.2020.1786069	0	0	0	0	Gene Ontology|*Rheumatoid Arthritis|Protein Interaction Maps|Databases, Genetic|Gene Expression Profiling|Transcriptome|Computational Biology|Software|Osteoarthritis|Protein Interaction Mapping|DNA Methylation|Biomarkers|Signal Pathway|Up-Regulation
kegg	32650100	Genomics	2020		10.1016/j.ygeno.2020.07.011	0	0	0	0	*Oryza|*Spermidine|*Salt Stress|ESTs|Gene Expression Regulation, Plant|Subtractive Hybridization Techniques|Genes, Plant|Plant Proteins|Plant Roots|Salinity|cDNA Library|Gene Ontology
kegg	32650094	Genomics	2020		10.1016/j.ygeno.2020.07.004	0	0	0	0	*Lycopersicon esculentum|*Droughts|*Computational Biology|Gene Expression Regulation, Plant|Plant Proteins|Stresses, Abiotic|Transcription Factors|Chromosomes, Plant|Gene Expression Profiling|Transcriptional Activation
kegg	32649966	Toxicol. Lett.	2020		10.1016/j.toxlet.2020.07.007	0	0	0	0	*Lipid Droplets|*Nanotubes, Carbon|*Transcriptome|*Macrophages|Reactive Oxygen Species|Perilipin-2|Endoplasmic Reticulum Stress|Lipid Metabolism|Cell Survival|Human Umbilical Vein Endothelial Cells
kegg	32648291	Dermatol Ther	2020		10.1111/dth.13993	0	0	0	0	Gene Ontology|Bioinformatic|Protein Interaction Maps|Gene Expression Profiles|Gene Regulatory Networks|Databases, Genetic|Gene Expression Profiling|Protein Interaction Mapping|Software|Gene Expression Regulation, Neoplastic|*Psoriasis|Biomarkers, Tumor|Signal Transduction
kegg	32648226	J. Cancer Res. Clin. Oncol.	2020		10.1007/s00432-020-03308-5	0	0	0	0	Humans|*Small Cell Lung Carcinoma|*Proteome|*Cell Movement|*Signal Transduction|Lung Neoplasms|Cell Line, Tumor|Cell Proliferation|*Promoter Regions, Genetic|*Neoplastic Processes|Hyaluronidase
kegg	32647415	Indian J Clin Biochem	2020	PMC7326904	10.1007/s12291-019-00834-z	0	0	0	0	Humans|*HL-60 Cells|*Hepatitis A Virus Cellular Receptor 2|*Leukemia, Myeloid, Acute|MicroRNAs|Cell Proliferation|Signal Transduction|Transfections
kegg	32646377	BMC Genet.	2020		10.1186/s12863-020-00882-y	0	0	0	0	Cattle|Animals|Female|Humans|*Milk|*Lactation|*Sequencing, RNA|*Phenotype|Transcriptomes|Postpartum|*Base Sequence|*Whole Exome Sequencing|Polymorphism, Single Nucleotide|Liver
HOTAIR	32653028	J. Exp. Clin. Cancer Res.	2020		10.1186/s13046-020-01610-1	0	0	0	1465	*RNA, Long Noncoding|*5 Fluorouracil|*Methylation|*Esophageal Cancer|Gene Expression Regulation, Neoplastic|MicroRNAs|Cell Line, Tumor|Cell Proliferation|Cell Movement|Methylenetetrahydrofolate reductase deficiency|*Methylenetetrahydrofolate Reductase (NADPH2)|*Homocystinuria|*Muscle Spasticity|*Psychotic Disorders
HOTAIR	32650779	Cell Commun. Signal	2020		10.1186/s12964-020-00602-0	0	0	0	1465	*Carcinoma, Hepatocellular|*RNA, Long Noncoding|MET protein, human|*Proto-Oncogene Proteins c-met|*Down-Regulation|*Liver Neoplasms|Epithelial-Mesenchymal Transition|*Signal Transduction|MicroRNAs|Gene Expression Regulation, Neoplastic|Cell Movement|Cell Proliferation|Vimentin|Cell Line, Tumor|Apoptosis|Disease Progression|Phenotypes
HOTAIR	32650720	BMC Mol Cell Biol	2020		10.1186/s12860-020-00299-6	0	0	0	1465	*RNA, Long Noncoding|*Wnt Signaling Pathway|*Osteoarthritis|*Cartilage|beta Catenin|Chondrocytes|RNA Interference|Promoter Regions, Genetic|Apoptosis|Disease Progression
HOTAIR	32602030	J. Mol. Neurosci.	2020		10.1007/s12031-020-01623-7	0	0	0	1465	Mice|Animals|*RNA, Long Noncoding|*Myeloid Differentiation Factor 88|*Microglia|*Ubiquitination|shRNA|Cell Line, Tumor|*Traumatic Brain Injury|Transfection|*Adaptor Proteins, Signal Transducing|Myd88 protein, mouse
HOTAIR	32601922	Mol. Biol. Rep.	2020		10.1007/s11033-020-05609-x	0	0	0	1465	Humans|*lncRNA|*Drug Resistance, Neoplasm|*Prospective Studies|*Cancer|Gene Expression Regulation, Neoplastic|MicroRNAs|Disease Progression
HOTAIR	32583079	Gastric Cancer	2020		10.1007/s10120-020-01091-3	0	0	0	1465	*Stomach Neoplasms|*RNA, Long Noncoding|*Upregulation|Gene Expression Regulation, Neoplastic|MicroRNAs|Cell Proliferation|Cell Movement|Cell Line, Tumor|*Neoplastic Processes|Apoptosis|*Transcriptional Activation
HOTAIR	32582996	Mol Med Rep	2020		10.3892/mmr.2020.11268	0	0	0	1465	Mice|Animals|HOTAIR long untranslated RNA, human|*RNA, Long Noncoding|*Epidermal Cells|*Stem Cell|*Wound Healing|*Burn|Cell Proliferation|Cell Movement|Re-Epithelialization|Epidermis|Cell Differentiation|Viability, Cell
HOTAIR	32566019	Oncol Lett	2020	PMC7285833	10.3892/ol.2020.11620	0	0	0	1465	Humans|Aged|*Thyroid Cancer, Papillary|HOTAIR long untranslated RNA, human|*RNA, Long Noncoding|*Lymphatic Metastasis|Cell Migration|Carcinoma, Papillary|Cell Proliferation|Thyroid Neoplasms|CDH1 protein, human|E Cadherin|Gene Expression Regulation, Neoplastic|Epithelial-Mesenchymal Transition|Wnt Signaling Pathway|Cell Line, Tumor|Vimentin|siRNA|Antigens, CD|Lymph Nodes
HOTAIR	32554864	Aging (Albany NY)	2020		10.18632/aging.103355	0	0	0	1465	Humans|*Carcinoma, Hepatocellular|*RNA, Long Noncoding|*Liver Neoplasms|Upregulation|Apoptosis|Biomarkers
HOTAIR	32529986	J. Genet.	2020			0	0	0	1465	Humans|*RNA, Long Noncoding|*Prognosis|*Esophageal Cancer|Disease-Free Survival|Biomarkers, Tumor|Gene Expression Regulation, Neoplastic|Proportional Hazards Models|Neoplasm Staging|Lymphatic Metastasis|*Rare Diseases|Progression-Free Survival
HOTAIR	32529678	J. Cell. Physiol.	2020		10.1002/jcp.29825	0	0	0	1465	Humans|long non-coding RNA TUSC7, human|*RNA, Long Noncoding|*MicroRNAs|Phosphatidylinositol 3-Kinases|*Prognosis|*Esophageal Cancer|Gene Expression Regulation, Neoplastic|Gene Regulatory Networks|Biomarkers, Tumor|RNA, Messenger|Esophagus|Kaplan-Meier Estimate
HOTAIR	32508030	Clin Transl Med	2020	PMC7240863	10.1002/ctm2.21	0	0	0	1465	Humans|palbociclib|*Piperazines|*Pyridines|*Glioma|Cyclin-Dependent Kinase 6|*Cell Cycle Checkpoints|Cyclin-Dependent Kinase 4|Glioblastoma|Protein Kinase Inhibitors|Cell Line, Tumor|Xenograft Model Antitumor Assays|*Enzyme Inhibitors|Cell Cycle|Cell Proliferation|*Upregulation|Apoptosis|Drug Synergism|Antineoplastic Combined Chemotherapy Protocols
HOTAIR	32495292	Cell Oncol (Dordr)	2020		10.1007/s13402-020-00521-9	0	0	0	1465	*Carcinoma, Squamous Cell|*Mouth Neoplasms|Head and Neck Neoplasms|*Precancerous Conditions|RNA, Long Noncoding|*Noncoding RNA|Gene Expression Regulation, Neoplastic|Biomarkers, Tumor|Mouth Mucosa|Disease Progression
HOTAIR	32489713	Aging Dis	2020	PMC7220293	10.14336/AD.2019.0814	0	0	0	1465	*Long Non-Coding RNA|*Proteostasis|Cell Senescence|Cancer|RNA Binding Protein
HOTAIR	32489462	J Cancer	2020	PMC7255378	10.7150/jca.42308	0	0	0	1465	*RNA, Long Noncoding|*Colorectal Cancer|MicroRNAs|RNA Interference|Cell Proliferation|Gene Expression Regulation, Neoplastic|*Disease Progression|Cell Movement|Cell Line, Tumor|Up-Regulation|*Neoplastic Processes|Signal Transduction|Downregulation|Apoptosis|*Colonic Neoplasms
HOTAIR	32486871	Xenobiotica	2020		10.1080/00498254.2020.1777484	0	0	0	1465	*RNA, Long Noncoding|*Hep G2 Cells|MicroRNAs|Gene Expression Regulation, Neoplastic|Cell Line, Tumor|Cell Movement|mRNA|Disease Progression
HOTAIR	32474776	Genes Genomics	2020		10.1007/s13258-020-00952-6	0	0	0	1465	*RNA, Long Noncoding|*miRNA|*mRNA|*Cardiovascular Diseases|Gene Regulatory Networks|Gene Expression Profiling|Gene Expression Regulation, Neoplastic
HOTAIR	32466537	Noncoding RNA	2020	PMC7345118	10.3390/ncrna6020019	0	0	0	1465	Humans|HOTAIR long untranslated RNA, human|*RNA, Long Noncoding|MicroRNAs|PTK2 protein, human|Focal Adhesion Kinase 1|Cell Migration|Triple-Negative Breast Cancer|Gene Expression Regulation, Neoplastic|Cell Line, Tumor|Cell Proliferation|3' Untranslated Region|MCF-7 Cells|Signal Transduction|Upregulation|Focal Adhesions
HOTAIR	32462038	Biomed Res Int	2020	PMC7232684	10.1155/2020/9515071	0	0	0	1465	HOTAIR long untranslated RNA, human|*RNA, Long Noncoding|*Sorafenib|*Carcinoma, Hepatocellular|Liver Neoplasms|MicroRNAs|Gene Expression Regulation, Neoplastic|Cell Line, Tumor|Cell Proliferation|Up-Regulation|Drug Resistance, Neoplasm
HOTAIR	32460441	Mol Oncol	2020		10.1002/1878-0261.12726	0	0	0	1465	*Esophageal Squamous Cell Carcinoma|*RNA, Long Noncoding|Esophageal Neoplasms|Gene Expression Regulation, Neoplastic|Gene Regulatory Networks|Carcinoma, Squamous Cell|RNA, Messenger|Gene Expression Profiling|*Immunotherapy, Adoptive|Genes, Regulator|Computational Biology|Genes, cdc
pca3	32630458	Biomedicines	2020		10.3390/biomedicines8060173	0	0	0	0	Humans|Male|*Prostate|*Prostate-Specific Antigen|*Hyperplasia|*Prostate Cancer|*Biopsy|Antigens, Neoplasm|Biomarkers, Tumor|ROC Curve|*Immunologic Tests
pca3	32539255	Int Braz J Urol	2020		10.1590/S1677-5538.IBJU.2019.0521	0	0	0	0	Male|Humans|Ureteroscopes|Ureteral Calculi|Ureteroscopy|Kidney Calculi|Lithotripsy|Ureter|Kidney|Vacuum|Treatment Outcome|Equipment Design|Calculi, Urinary|*Prostate Cancer
pca3	32398974	EXCLI J	2020	PMC7214775	10.17179/excli2020-1036	0	0	0	0	
pca3	32388776	Endocr. Pathol.	2020		10.1007/s12022-020-09626-1	0	0	0	0	Male|HOTAIR long untranslated RNA, human|*Long Non-Coding RNA|*Neuroendocrine Carcinomas|Neuroendocrine Tumors|*Lung Neoplasms|Carcinoid Tumor|Immunohistochemistry|Prognosis|Biomarkers, Tumor|Pancreatic Neoplasms|Stomach Neoplasms|In Situ Hybridization|Repressor Proteins|Small Cell Lung Carcinoma
pca3	32388502	Urol. Int.	2020		10.1159/000506885	0	0	0	0	Humans|Male|*Prostate|*Prostate Cancer|*Prostatitis|Prostate-Specific Antigen|Prostatectomy|Antigens, Neoplasm|*Oncogenes|Biopsy|Biomarkers, Tumor|ROC Curve|Predictive Value of Tests|Inflammation
pca3	32280028	Clin Genitourin Cancer	2020		10.1016/j.clgc.2020.03.005	0	0	0	0	Humans|Male|prostate cancer antigen 3, human|*Antigens, Neoplasm|*Prostate Cancer|Biomarkers, Tumor
pca3	32256177	Saudi J Biol Sci	2020	PMC7105665	10.1016/j.sjbs.2020.02.003	0	0	0	0	Humans|Male|kallikrein-related peptidase 3, human|Prostate Specific Antigen|*Prostate Cancer|PSCA protein, human|Antigens, Neoplasm|Prostate|prostate cancer antigen 3, human|Kallikreins|Biopsy|Biomarkers, Tumor|Specificity|Risk Assessment|Neoplasm Proteins|GPI-Linked Proteins|Saudi Arabia
pca3	32250729	J. Urol.	2020		10.1097/JU.0000000000001066	0	0	0	0	Humans|Male|*mRNA|*Prostate Cancer|*Biopsy|Prostate-Specific Antigen|Prostate|Antigens, Neoplasm|Biomarkers, Tumor|GATA2 protein, human|*GATA2 Transcription Factor|Oncogene Proteins, Fusion|*Extracellular Vesicle|Logistic Models
pca3	32241692	Urol. Oncol.	2020		10.1016/j.urolonc.2020.02.018	0	0	0	0	Humans|Male|Prospective Studies|kallikrein-related peptidase 3, human|Prostate Specific Antigen|*Prostate Cancer|Prostate|Kallikreins|Biopsy|Biomarkers, Tumor|Risk Assessment|Cost Effectiveness
pca3	32228431	Anticancer Agents Med Chem	2020		10.2174/1871520620666200331102609	0	0	0	0	Humans|Male|Rats|Animals|*Prostatitis|*Selenium|*Oestradiol|*Citrus sinensis|Prostate|Tumor Necrosis Factor-alpha|*Estrogens
pca3	32211453	Am J Clin Exp Urol	2020	PMC7076296		0	0	0	0	Humans|Male|*Prostatic Hyperplasia|*Prostate Cancer|Prostate-Specific Antigen|Prostatic Intraepithelial Neoplasia|Prostate|Prostatitis|Antigens, Neoplasm|Biomarkers, Tumor|Diagnosis, Differential
pca3	32162868	Clin. Lab.	2020		10.7754/Clin.Lab.2019.190714	0	0	0	0	Humans|Male|*Prostate|*Prostate Cancer|prostate cancer antigen 3, human|Antigens, Neoplasm|Prostate-Specific Antigen|Digital Rectal Examination|Biopsy|*Oncogenes|Biomarkers, Tumor|ROC Curve
pca3	32154827	Genet. Mol. Biol.	2020	PMC7198024	10.1590/1678-4685-GMB-2018-0330	0	0	0	0	Humans|Male|*Prostate Cancer|Prostate|Benign Prostatic Hyperplasia|miRNAs|Biomarkers, Tumor
pca3	32099679	Prostate Cancer	2020	PMC7013283	10.1155/2020/3964615	0	0	0	0	Humans|Male|*Prostate Cancer|prostate cancer antigen 3, human|*Antigens, Neoplasm|Prostate|Prostate-Specific Antigen|Biopsy|Biomarkers, Tumor|Receiver Operating Characteristic|Prognosis|Exosomes|*Chinese|AUC|Overtreatment|RNA
pca3	32077525	Prostate	2020		10.1002/pros.23964	0	0	0	0	Humans|Male|*mRNA|Early Detection of Cancer|*Prostate Cancer|Prostate-Specific Antigen|Prostate|Neoplasm Grading|Biopsy|*Urinalysis|Biomarkers, Tumor|Risk Assessment|*Mass Screening
pca3	32021296	Onco Targets Ther	2020	PMC6974148	10.2147/OTT.S221276	0	0	0	0	Humans|Male|*Messenger RNA|*Prostate|*Computational Biology|Prostate Cancer|Antigens, Neoplasm|Biomarkers, Tumor|Gene Expression Regulation, Neoplastic
pca3	31993103	Int J Physiol Pathophysiol Pharmacol	2020	PMC6971503		0	0	0	0	Humans|Male|*Neoplasm Grading|*Prostate Cancer|prostate cancer antigen 3, human|*Antigens, Neoplasm|Prostate-Specific Antigen|Prostate|Biopsies|Biomarkers, Tumor|Predictive Value of Tests|Prospective Studies
pca3	31991591	Cancers (Basel)	2020	PMC7072157	10.3390/cancers12020285	0	0	0	0	Humans|Male|*Prostate|Prostatic Neoplasms|*Magnetic Resonance Imaging|*Image-Guided Biopsies|Prostate-Specific Antigen|Rectum|Biomarkers|RNA
pca3	31967522	J. Urol.	2020		10.1097/JU.0000000000000757	0	0	0	0	Humans|Male|*Prostate Cancers|Prostate-Specific Antigen|Prostate|Image-Guided Biopsy|Imaging, Magnetic Resonance|Predictive Value of Tests|3'-(1-butylphosphoryl)adenosine|*Complement Factor B|*Magnetic Resonance
pca3	31961625	Int Braz J Urol	2020		10.1590/S1677-5538.IBJU.2019.0360	0	0	0	0	Humans|Male|prostate cancer antigen 3, human|*Antigens, Neoplasm|*Prostate Cancer|Biomarkers, Tumor|Biopsy|Sensitivity and Specificity|ROC Curve
FLCN	32642019	Radiol Case Rep	2020	PMC7334545	10.1016/j.radcr.2020.05.049	0	0	0	582	Male|Humans|Aged|*Pneumothorax|Birt-Hogg-Dube Syndrome|Lung Diseases|Proto-Oncogene Proteins|Tumor Suppressor Proteins|Renal Cancer|Cysts|Skin Diseases|Mutation|Diagnosis, Differential
FLCN	32631372	Orphanet J Rare Dis	2020	PMC7336475	10.1186/s13023-020-01448-y	0	0	0	582	Humans|Birt-Hogg-Dube Syndrome|Cystic Disease Of Lung|*Lung Diseases|*Cysts|Pneumothorax|*Tomography, X-Ray Computed|Tumor Suppressor Proteins|Diagnosis, Differential|*Chinese
FLCN	32612235	Nature	2020		10.1038/s41586-020-2444-0	0	0	0	582	MTOR protein, human|*TOR Serine-Threonine Kinases|Birt-Hogg-Dube Syndrome|Mechanistic Target of Rapamycin Complex 1|Basic Helix-Loop-Helix Leucine Zipper Transcription Factors|Tumor Suppressor Proteins|Proto-Oncogene Proteins|Phosphorylation
FLCN	32607581	J. Neuropathol. Exp. Neurol.	2020		10.1093/jnen/nlaa052	0	0	0	582	*Myopathies, Nemaline|*Filamins|*Heterozygote|Myofibrillar Myopathy|Myopathies, Structural, Congenital|Myopathies, Distal|*Mutation|Phenotype|Pedigree|Mutation, Missense|Cardiomyopathies
FLCN	32537432	Front Oncol	2020	PMC7269128	10.3389/fonc.2020.00818	0	0	0	582	Humans|Child|*Methyltransferase, Histone|N-Myc Proto-Oncogene Protein|Neuroblastoma|Gene Amplification|Cell Line, Tumor|Gene Expression Regulation, Neoplastic|Nuclear Proteins|Apoptosis|Epigenesis, Genetic
FLCN	32469710	Respir Med	2020		10.1016/j.rmed.2020.105995	0	0	0	582	Birt-Hogg-Dube Syndrome|FLCN protein, human|Proto-Oncogene Proteins|Tumor Suppressor Proteins|Pneumothorax|Cysts|Mutation|Lung|Genes, Tumor Suppressor|Rare Diseases
FLCN	32448321	Orphanet J Rare Dis	2020	PMC7245949	10.1186/s13023-020-01402-y	0	0	0	582	Humans|*Retrospective Studies|Birt-Hogg-Dube Syndrome|Spontaneous Pneumothorax|Lung Diseases|Cysts|FLCN protein, human|Tumor Suppressor Proteins|Proto-Oncogene Proteins|Mutations|Genes, Tumor Suppressor|Kidney Neoplasms|Tomography, X-Ray Computed|*Respiratory Physiological Phenomena
FLCN	32420021	Respir Med Case Rep	2020	PMC7218215	10.1016/j.rmcr.2020.101081	0	0	0	582	Birt-Hogg-Dube Syndrome|*Lung Diseases|Renal Cancer|*Cysts|Pneumothorax|Tumor Suppressor Proteins|Germ-Line Mutation|Skin Neoplasms|Skin|Proto-Oncogene Proteins|Lung|Mutations|Genes, Tumor Suppressor
FLCN	32398770	Genet. Med.	2020		10.1038/s41436-020-0816-3	0	0	0	582	*Polycystic Kidney, Autosomal Dominant|TRPP Cation Channels|DNA Mutational Analysis|Mutation|*Phenotype
FLCN	32327294	Urol. Oncol.	2020		10.1016/j.urolonc.2020.03.016	0	0	0	582	Humans|*Tuberous Sclerosis|Angiomyolipoma|Kidney Neoplasms|Birt-Hogg-Dube Syndrome|Chromophobe Renal Cell Carcinoma|MTOR protein, human|TOR Serine-Threonine Kinases|Tumor Suppressor Proteins|Proto-Oncogene Proteins|*HSP90 Heat-Shock Proteins|Cell Transformation, Neoplastic
FLCN	32303654	Proc. Natl. Acad. Sci. U.S.A.	2020	PMC7211967	10.1073/pnas.2002110117	0	0	0	582	*C9orf72 Protein|*Cryoelectron Microscopy|RAB8A protein, human|*rab GTP-Binding Proteins|Frontotemporal Dementia|Amyotrophic Lateral Sclerosis|Lysosomes|Autophagy
FLCN	32279295	Semin Respir Crit Care Med	2020		10.1055/s-0040-1708500	0	0	0	582	Birt-Hogg-Dube Syndrome|*Lung Diseases|*Cysts|Pneumothorax|Proto-Oncogene Proteins|Tumor Suppressor Proteins|Mutations
FLCN	32238524	Thorax	2020		10.1136/thoraxjnl-2019-214112	0	0	0	582	Humans|*Estrone|Birt-Hogg-Dube Syndrome|FLCN protein, human|*Tumor Suppressor Proteins|*Proto-Oncogene Proteins|*Lung Diseases|*Cysts|Spontaneous Pneumothorax|Mutations
FLCN	32216834	Genome Biol.	2020	PMC7098081	10.1186/s13059-020-01997-2	0	0	0	582	Humans|Genome-Wide Association Study|*Osteoclasts|Quantitative Trait Loci|*Gene Expression Regulation|Bone Mineral Density|Genetic Predisposition to Disease|Osteoporosis|Polymorphism, Single Nucleotide
FLCN	32195250	Front Cell Dev Biol	2020	PMC7063858	10.3389/fcell.2020.00108	0	0	0	582	
FLCN	32190447	Cureus	2020	PMC7058392	10.7759/cureus.6884	0	0	0	582	Humans|*Intracranial Aneurysm|Birt-Hogg-Dube Syndrome|Renal Cancer|Lung Diseases|Pneumothorax|Cysts|Proto-Oncogene Proteins|Tumor Suppressor Proteins|Mutation|Skin Neoplasms
FLCN	32190329	Respirol Case Rep	2020	PMC7064864	10.1002/rcr2.549	0	0	0	582	Male|Female|Humans|Aged, 80 and over|Aged|Birt-Hogg-Dube Syndrome|Spontaneous Pneumothorax|Proto-Oncogene Proteins|Tumor Suppressor Proteins|Tomography, X-Ray Computed|Lung Neoplasms|Mutation|Lung|Skin Neoplasms|Cysts|Biopsy
FLCN	32184379	Thorax	2020	PMC7279199	10.1136/thoraxjnl-2019-213225	0	0	0	582	*Folliculin|*miRNAs|Birt-Hogg-Dube Syndrome|FLCN protein, human|*Tumor Suppressor Proteins|*Proto-Oncogene Proteins|*Genes, Tumor Suppressor|Pneumothorax|*Lung|Mutations, Germline|Lung Diseases|Cysts|Mutation|Pedigree|Kidney Neoplasms|Skin
FLCN	32181500	Eur. J. Immunol.	2020		10.1002/eji.201948504	0	0	0	582	Humans|FLCN protein, human|Tumor Suppressor Proteins|Proto-Oncogene Proteins|*Mutations|*Cardiomyopathy|Carrier Proteins|*Pre-Excitation Syndrome|AMP-Activated Protein Kinases|Signal Transduction|Cardiomyopathy, Hypertrophic|Wolff Parkinson White Syndrome|*Immunologic Deficiency Syndromes|Phosphorylation|Genes, Tumor Suppressor
FLCN	32171268	BMC Med. Genet.	2020	PMC7071710	10.1186/s12881-020-0991-8	0	0	0	582	Humans|Birt-Hogg-Dube Syndrome|FLCN protein, human|Tumor Suppressor Proteins|Proto-Oncogene Proteins|Chromophobe Renal Cell Carcinoma|Kidney Neoplasms|Spontaneous Pneumothorax|Genes, Tumor Suppressor|Skin Neoplasms|Mutation|Lung|Lung Diseases|Cysts|*Hyperplasia|*Gastrointestinal Tract
POSTN	32647988	World J Surg	2020		10.1007/s00268-020-05586-z	0	0	0	3064	Neoplasm Recurrence, Local|Colorectal Cancer|*Intestines|Biomarkers, Tumor|Neoplastic Stem Cells|Adenocarcinoma|Antigens, CD|Colonic Neoplasms|*Databases, Genetic|Cell Line, Tumor
POSTN	32647861	J. Neuropathol. Exp. Neurol.	2020		10.1093/jnen/nlaa067	0	0	0	3064	Humans|*Pericytes|*Glioma|POSTN protein, human|*Cell Adhesion Molecules|Pilocytic Astrocytoma|Brain Neoplasms|Glioblastoma|*Neovascularization, Pathologic|Oligodendrogliomas|OLIG2 protein, human|Oligodendrocyte Transcription Factor 2|Immunohistochemistry|RNA, Messenger
POSTN	32642695	Neurooncol Adv	2020	PMC7276933	10.1093/noajnl/vdaa040	0	0	0	3064	*Glioblastoma|*Neovascularization, Pathologic|Endothelial Progenitor Cells|Neovascularization, Physiologic|*B Cells|Cells, Cultured
POSTN	32637906	JHEP Rep	2020	PMC7330160	10.1016/j.jhepr.2020.100115	0	0	0	3064	*Extracellular Matrix|*Collagen|*Liver|Extracellular Matrix Proteins|Liver Cirrhosis|Proteome|Proteomics|Fibrosis|Disease Progression|Biomarkers
POSTN	32627156	Ginekol. Pol.	2020		10.5603/GP.2020.0064	0	0	0	3064	United States|Female|Humans|Pregnancy|*Gynecology|*Obstetrics|POSTN protein, human|*Cell Adhesion Molecules|Glycoprotein|Fibroids|Extracellular Matrix Proteins|Signal Transduction|Ovarian Cancer|Tumor Microenvironment
POSTN	32613365	Ann. Surg. Oncol.	2020		10.1245/s10434-020-08765-3	0	0	0	3064	*Esophageal Squamous Cell Carcinoma|*Esophageal Neoplasms|*Retrospective Studies|Lymphocyte|Esophagectomy|Neutrophils|Prognosis|Carcinoma, Squamous Cell|Platelet|POSTN protein, human|*Cell Adhesion Molecules|Survival Rate|C-Reactive Protein|Inflammation|Follow-Up Studies
POSTN	32611237	Circ. Res.	2020		10.1161/CIRCRESAHA.119.315999	0	0	0	3064	
POSTN	32579471	Autophagy	2020		10.1080/15548627.2020.1778292	0	0	0	3064	Pregnancy|Female|Humans|CTNNB1 protein, human|*beta Catenin|*Autophagy|*Uterus|Signal Transduction|Vascular Endothelial Growth Factor A|NOS1 protein, human|Nitric Oxide Synthase Type I|VEGFA protein, human
POSTN	32510239	Cell Transplant	2020		10.1177/0963689720933241	0	0	0	3064	Humans|Adult|*Glioblastoma|*DNA Methylation|*Prognosis|*B-DNA|Brain Neoplasms|Protein Interaction Maps|Promoter Regions, Genetic|Gene Expression Regulation, Neoplastic|Gene Regulatory Networks|Gene Expression Profiling|Computational Biology|Biomarkers, Tumor|POSTN protein, human|Cell Adhesion Molecules
POSTN	32461137	Mol. Cell. Probes	2020		10.1016/j.mcp.2020.101596	0	0	0	3064	Rats|Animals|*Pyroptosis|*Inflammasomes|*NLR Family, Pyrin Domain-Containing 3 Protein|*Myocardial Reperfusion Injury|Caspase 1|POSTN protein, human|*Cell Adhesion Molecules|Myocytes, Cardiac|Interleukin-1beta|Reactive Oxygen Species|Cell Hypoxia|Hypoxia|Nlrp3 protein, rat
POSTN	32460303	Med. Sci. Monit.	2020	PMC7278529	10.12659/MSM.924934	0	0	0	3064	Humans|*Computational Biology|Gene Ontology|*Allergic Rhinitis|Protein Interaction Maps|Gene Regulatory Networks|Gene Expression Profiling|*Biomarkers|miRNAs|Databases, Genetic|*Asthma|Rhinitis|Signal Transduction|Genes, Regulator|Nasal Epithelium|POSTN protein, human|Cell Adhesion Molecules
POSTN	32420385	Biomed Res Int	2020	PMC7210524	10.1155/2020/9405909	0	0	0	3064	Humans|Female|Rats|Animals|*Osteogenesis|*Mesenchymal Stem Cells|*Cell Differentiation|Bone Marrow Cells|*Estrogens|POSTN protein, human|*Cell Adhesion Molecules|Osteoporosis|Wnt Signaling Pathway|beta Catenin|Ovariectomy|Oestradiol
POSTN	32416542	Transl Oncol	2020	PMC7248449	10.1016/j.tranon.2020.100789	0	0	0	3064	Humans|Male|POSTN protein, human|*Cell Adhesion Molecules|Prognosis|Circulating Tumor Cells|Prostatic Neoplasms, Castration-Resistant|Receptors, Androgen|Disease-Free Survival|Biomarkers, Tumor|Disease Progression
POSTN	32391563	Biosci. Rep.	2020	PMC7251326	10.1042/BSR20194192	0	0	0	3064	Humans|*Computational Biology|*Urinary Bladder Neoplasms|Phosphatidylinositol 3-Kinases|Gene Ontology|*Disease Progression|Gene Expression Profiling|Gene Expression Regulation, Neoplastic|Gene Regulatory Networks|Prognosis|Protein Interaction Maps|Databases, Genetic|Transcriptome|Biomarkers, Tumor|Downregulation|Up-Regulation|Software|Signal Transduction|*Extracellular Matrix
POSTN	32366407	Anticancer Res.	2020		10.21873/anticanres.14233	0	0	0	3064	*Head and Neck Cancer|Head and Neck Squamous Cell Carcinoma|POSTN protein, human|*Cell Adhesion Molecules|Epithelial-Mesenchymal Transition|Gene Expression Regulation, Neoplastic|Cell Movement|Cell Line, Tumor|Cell Proliferation|Signal Transduction|Biomarkers, Tumor
POSTN	32354887	In Vivo	2020	PMC7279791	10.21873/invivo.11870	0	0	0	3064	Humans|Dogs|Female|Animals|*Cancer-Associated Fibroblasts|POSTN protein, human|*Cell Adhesion Molecules|Neoplasms, Mammary|Biomarkers, Tumor|Gene Expression Regulation, Neoplastic|Cell Migration|Cell Line, Tumor|*Cancer, Mammary
POSTN	32344006	Toxicology	2020		10.1016/j.tox.2020.152475	0	0	0	3064	*Hepatic Stellate Cells|*Nuclear Factor-Kappab|curcumol|*Signal Transduction|*Sesquiterpenes|POSTN protein, human|*Cell Adhesion Molecules|Liver Cirrhosis|Carbon Tetrachloride|Cell Movement|Phosphorylation|*Tissue Adhesions
POSTN	32330138	PLoS ONE	2020	PMC7182230	10.1371/journal.pone.0231501	0	0	0	3064	Humans|Mice|Animals|*Discoidin Domain Receptor 1|MMP13 protein, human|Matrix Metalloproteinase 13|Articular Cartilage|Chondrocytes|POSTN protein, human|*Cell Adhesion Molecules|*Cartilage Diseases|Osteoarthritis, Knee|Synovium|Cells, Cultured|Extracellular Matrix Proteins|Signal Transduction|DDR1 protein, human
POSTN	32319226	J. Cell. Mol. Med.	2020	PMC7294139	10.1111/jcmm.15271	1	0	0	3064	Humans|Female|Neoplasm Recurrence, Local|*Carcinoma, Ovarian Epithelial|*Ovarian Cancer|Prognosis|Gene Expression Profiling|Gene Regulatory Networks|Gene Expression Profiles|Biomarkers, Tumor|Gene Expression Regulation, Neoplastic|Disease Progression
POSTN	32271791	PLoS ONE	2020	PMC7144954	10.1371/journal.pone.0230524	1	0	0	3064	*Nasopharyngeal Carcinoma|*DNA Methylation|*B-DNA|Gene Ontology|Gene Regulatory Networks|Protein Interaction Maps|Gene Expression Profiling|Computational Biology|Protein Interaction Mapping|Databases, Genetic|Gene Expression Regulation, Neoplastic|Biomarkers, Tumor|Transcriptome|Nasopharyngeal Neoplasms
chd2	32609087	Elife	2020		10.7554/eLife.55775	0	0	0	105	Animals|*Autistic Disorder|*Homeostasis|Drosophila Proteins|Drosophila melanogaster|Presynaptic Terminals|Synaptic Transmission|Neuronal Plasticity|Signal Transduction|*Mutation
chd2	32598477	Blood Adv	2020		10.1182/bloodadvances.2019001350	0	0	0	105	Humans|Adult|*Lymphoma, Mantle-Cell|Bayes Theorem|Neoplasm Recurrence, Local|*Mutations|CCND1 protein, human|Cyclin D1|NOTCH2 protein, human|Receptor, Notch2|KMT2A protein, human|Histone-Lysine N-Methyltransferase|B Cell Lymphoma|Sequencing, Next-Generation|Genes, p16|Protein-Serine-Threonine Kinases|Myeloid-Lymphoid Leukemia Protein
chd2	32593896	Epilepsy Res.	2020		10.1016/j.eplepsyres.2020.106398	0	0	0	105	Child|Humans|*Epileptic Syndromes|*Encephalopathy|Spasms, Infantile|Phenotypes|NAV1.2 Voltage-Gated Sodium Channel|KCNQ2 Potassium Channel|Genetic Testing|Genetic Predisposition to Disease|Mutation|Sequencing, Next-Generation|Age of Onset|India
chd2	32573645	Org. Biomol. Chem.	2020		10.1039/d0ob01054e	0	0	0	105	*Anilines|Dimethylformamide|Deuterium
chd2	32483190	Sci Rep	2020	PMC7264272	10.1038/s41598-020-65839-8	0	0	0	105	Glycolysis|Citric Acid Cycle|Carbon Isotopes|Glucose|Lactic Acid|Magnetic Resonance Spectroscopy|Cancers
chd2	32170405	Childs Nerv Syst	2020		10.1007/s00381-020-04558-x	1	0	0	105	Child|Humans|Female|Adolescent|*Lymphohistiocytosis, Hemophagocytic|*Myoclonic Encephalopathy|Epilepsy|Vagus Nerve Stimulation|Epilepsy, Generalized|Refractory Epilepsy|Electroencephalography|*Family|Haploinsufficiency|Mutations|Infections|CHD2 protein, human|DNA-Binding Proteins
chd2	32061754	Cancer Lett.	2020		10.1016/j.canlet.2020.02.001	0	0	0	105	Humans|Thymic epithelial tumor|*Thymus Neoplasms|*Sequencing, Next-Generation|*Neoplasms, Glandular and Epithelial|*Genomics|Thymic Carcinomas|Mutation|*Biomarkers, Tumor|KMT2C protein, human|DNA-Binding Proteins|ARID1A protein, human|Transcription Factors|INDEL Mutation|DNA Mismatch Repair|Frameshift Mutation|*Nucleotides|Nuclear Proteins|CHEK1 protein, human
chd2	31993582	Epilepsy Behav Rep	2020	PMC6976925	10.1016/j.ebr.2019.100355	0	0	0	105	Adolescent|Humans|*Myoclonic Epilepsy, Juvenile|*Mutation|Electroencephalography|Seizures, Tonic-Clonic|Phenotype|CHD2 protein, human|DNA-Binding Proteins
chd2	31914951	BMC Med. Genet.	2020	PMC6950831	10.1186/s12881-019-0946-0	0	0	0	105	Child|Humans|*Chromatin|*Chromatin Assembly and Disassembly|DNA Copy Number Variations|Mutation|Phenotype|DNA-Binding Proteins|Electroencephalography|*Schizophrenia
chd2	31904125	Epilepsia	2020		10.1111/epi.16054	0	0	0	105	Humans|*Dravet Syndrome|NAV1.1 Voltage-Gated Sodium Channel|*Epilepsies|CDKL5 deficiency disorder|*Spasms, Infantile|Epilepsy Syndromes|Febrile Seizures|Phenotype|Mutations|*Encephalopathies|Seizures|Syndrome|PCDH19 protein, human|Cadherins
chd2	31900031	Epigenetics	2020		10.1080/15592294.2019.1710913	0	0	0	105	*Myelopoiesis|Epigenesis, Genetic|Chromatin|DNA Methylation|Histones|Hematopoiesis|Cell Differentiation|Protein Processing, Post-Translational|Myeloid Cells|Gene Library|Cell Line, Tumor
chd2	31872862	J. Clin. Endocrinol. Metab.	2019		10.1210/clinem/dgz192	0	0	0	105	Humans|*Obesity|Basic Helix-Loop-Helix Transcription Factors|Prader-Willi Syndrome|Genetic Association Studies|Repressor Proteins|Phenotype|Haploinsufficiency|SIM1 protein, human
chd2	31865343	Horm Res Paediatr	2019	PMC7173346	10.1159/000504884	0	0	0	105	Child|Humans|IGF1 protein, human|*Insulin-Like Growth Factor I|*Electronic Health Records|*Dwarfism|Growth Disorders|Human Growth Hormone|*Genomics|Receptor, IGF Type 1
chd2	31774495	Blood	2019	PMC7059458	10.1182/blood.2019001904	1	0	0	105	Humans|*Lymphoma, Large-Cell, Anaplastic|*Breast Implants|Phosphatidylinositol 3-Kinases|*Breast Implantation|STAT3 protein, human|STAT3 Transcription Factor|*Signal Transduction|Janus Kinases|JAK1 protein, human|Janus Kinase 1|Mutations|STAT5B protein, human|STAT5 Transcription Factor|KMT2D protein, human|DNA-Binding Proteins|Neoplasm Proteins|Suppressor of Cytokine Signaling Proteins|KMT2C protein, human
chd2	31704914	Nat Commun	2019	PMC6841665	10.1038/s41467-019-13075-8	1	0	0	105	Animals|Mice|*RNA, Long Noncoding|Chromatin|Chromatin Assembly and Disassembly|DNA Helicases|DNA-Binding Proteins|Haploinsufficiency|Phenotype|Heterozygotes|Mutation|Gene Expression|Chd2 protein, mouse
chd2	31703148	Chemphyschem	2019		10.1002/cphc.201900959	1	0	0	105	*Proteins|Nuclear Magnetic Resonance, Biomolecular|Nitrogen Isotopes|Carbon Isotopes|Isoleucine|Leucine|Valine|*Magnetic Resonance Imaging|Malate Synthase
chd2	31677157	Dev Med Child Neurol	2019		10.1111/dmcn.14367	0	0	0	105	Humans|*Epilepsy|West Syndrome|*Phenotypes|Epilepsies, Myoclonic|Electroencephalography|Seizures|Lennox Gastaut Syndrome|Febrile Seizures|Mutation|Brain|DNA-Binding Proteins|Sequencing, Next-Generation|CHD2 protein, human
chd2	31657568	J Phys Chem A	2019		10.1021/acs.jpca.9b09045	0	0	0	105	Spectrophotometry, Infrared
chd2	31580078	J Phys Chem B	2019		10.1021/acs.jpcb.9b06408	0	1	0	105	*Protons|*Lysine|*Proteins|Nuclear Magnetic Resonance, Biomolecular|Protein Conformation|Models, Molecular|Magnetic Resonance Spectroscopy|Kinetics|Hydrogen-Ion Concentration|*Amines
chd2	31539115	Eur Rev Med Pharmacol Sci	2019		10.26355/eurrev_201909_18833	3	3	0	105	Humans|Female|*RNA, Circular|*Carcinoma, Ovarian Epithelial|*Ovarian Cancer|MicroRNAs|Cell Proliferation|*Disease Progression|Gene Expression Regulation, Neoplastic|Cell Movement|Cell Line, Tumor|MIRN144 microRNA, human
SBDS	32625236	Front Genet	2020	PMC7311772	10.3389/fgene.2020.00631	0	0	0	182	Genome-Wide Association Study|RNA, Long Noncoding|Coronary Artery Disease|Genetic Loci
SBDS	32621606	Nucleic Acids Res.	2020		10.1093/nar/gkaa574	0	0	0	182	*B-DNA|*Protein Domains|*Sulfur|DNA Restriction Enzymes|DNA|Protein Binding|Amino Acid Sequence|Hydrogen Bonding|Crystallography, X-Ray|Escherichia coli|Models, Molecular|DNA-Binding Proteins
SBDS	32599702	Micromachines (Basel)	2020	PMC7345170	10.3390/mi11060609	0	0	0	182	Gases|*Growth Disorders
SBDS	32558377	Arthritis Care Res (Hoboken)	2020		10.1002/acr.24355	0	0	0	182	*Thumb|*Osteoarthritis|Hand Joints|Synovitis|*Imaging, Magnetic Resonance|Arthralgia|Osteophyte|*Pain|Bone Marrow|Severity of Illness Index
SBDS	32549787	Cancer Cell Int.	2020	PMC7294624	10.1186/s12935-020-01317-5	0	0	0	182	Humans|Female|*Prognosis|*Endometrial Cancer|Gene Expression Regulation, Neoplastic|Biomarkers, Tumor|Gene Expression Profiling|Computational Biology|Transcriptome|Kaplan-Meier Estimate
SBDS	32443764	Micromachines (Basel)	2020	PMC7281217	10.3390/mi11050519	0	0	0	182	Semiconductors|Equipment Design|Electrons|Equipment Failure Analysis|gallium arsenide|Gallium|Ultraviolet Rays|Arsenicals
SBDS	32434641	Zhongguo Dang Dai Er Ke Za Zhi	2020			0	0	0	182	Child|Humans|*Shwachman-Diamond Syndrome|*Mutation|Myelodysplastic Syndromes|Bone Marrow Diseases|Exocrine Pancreatic Insufficiency|Heterozygote
SBDS	32412173	Am. J. Med. Genet. A	2020		10.1002/ajmg.a.61598	0	0	0	182	Humans|*Pseudogenes|*Shwachman-Diamond Syndrome|*Exome|Insufficiency, Pancreatic|Pyle disease|Osteochondrodysplasias|Bone Marrow Diseases|DNA Mutational Analysis|Alleles|Heterozygote|Mutation|Proteins|Gene Conversion|DNA Primers
SBDS	32293785	Am. J. Med. Genet. A	2020		10.1002/ajmg.a.61593	0	0	0	182	Humans|*Shwachman-Diamond Syndrome|Proteomics|Exocrine Pancreatic Insufficiency|Lipomatosis|Bone Marrow Diseases|*Phenotype|Endocrine System
SBDS	32198344	Cell Death Dis	2020	PMC7083877	10.1038/s41419-020-2393-4	1	0	0	182	Humans|*Tumor Suppressor Protein p53|Ribosome|Ribosomal Proteins|Proto-Oncogene Proteins c-mdm2|Bone Marrow Diseases|Cell Proliferation|Transcription, Genetic|Cell Nucleus|Ubiquitination|Shwachman Bodian Diamond Syndrome|SBDS protein, human|Proteins
SBDS	32179797	Sci Rep	2020	PMC7075892	10.1038/s41598-020-61602-1	0	0	0	182	cadmium selenide|*Cadmium Compounds|*Selenium Compounds|*Quantum Dots|Luminescence|indium tin oxide
SBDS	32121162	Micromachines (Basel)	2020	PMC7142523	10.3390/mi11030254	1	0	0	182	Carbon Compounds, Inorganic|Silicon Compounds|Nanostructures|Temperature
SBDS	32104616	Cureus	2020	PMC7026866	10.7759/cureus.6676	0	0	0	182	Male|Female|*Shwachman-Diamond Syndrome|Exocrine Pancreatic Insufficiency|Lipomatosis|Bone Marrow Diseases|Pancytopenia|Neutropenia|*Liver
SBDS	32072276	Surg Endosc	2020		10.1007/s00464-020-07418-6	1	0	0	182	Humans|*Double-Balloon Enteroscopy|*Intestinal Diseases|Gastrointestinal Hemorrhage|Biopsy
SBDS	32037152	J. Pediatr.	2020		10.1016/j.jpeds.2019.12.041	0	0	0	182	Humans|*Shwachman-Diamond Syndrome|*Prospective Studies|Italy|Bone Marrow Diseases|Exocrine Pancreatic Insufficiency|Lipomatosis|Registry
SBDS	31963426	Materials (Basel)	2020	PMC7014413	10.3390/ma13020445	1	0	0	182	*Temperature|Silicon|Semiconductors|Equipment Design|Equipment Failure Analysis
SBDS	31890125	J Dent Sci	2020	PMC6921125	10.1016/j.jds.2019.05.002	0	0	0	182	Jaw Cysts|*Mandible|*Molar|Radiography, Panoramic|Mandibular Diseases|Cone-Beam Computed Tomography|Imaging, Three-Dimensional
SBDS	31882330	J Microbiol Immunol Infect	2019		10.1016/j.jmii.2019.11.003	0	0	0	182	Animals|Proteins|Protein Binding|Bone Marrow Diseases|*Phagocytosis|RNA, Ribosomal|*Acanthamoeba|Cytoskeleton
SBDS	31879230	Lancet Haematol	2019		10.1016/S2352-3026(19)30206-6	0	0	0	182	Humans|*Retrospective Studies|*Cohort Studies|*Shwachman-Diamond Syndrome|*Myelodysplastic Syndrome|*Leukemia, Myeloid, Acute|Hematopoietic Stem Cell Transplantation|Disease-Free Survival|Antineoplastic Combined Chemotherapy Protocols
A8K2U0	30657212	Skin Res Technol	2019		10.1111/srt.12668	0	0	0	0	Humans|*Mass Spectrometry|*Skin|*Proteins|Intermediate Filament Proteins|Proteomics|Epidermis|Chromatography, Liquid|*Chinese|*Healthy Subjects
mnx1	32615233	Neuroscience	2020		10.1016/j.neuroscience.2020.06.028	0	0	0	116	Humans|Induced Pluripotent Stem Cells|*Motor Neurons|*Pluripotent Stem Cell|Cell Differentiation|*Neurons, Efferent|Cells, Cultured|Genes, Reporter|Cell Line|Cholinergic Agents
mnx1	32571425	Orphanet J Rare Dis	2020	PMC7310025	10.1186/s13023-020-01442-4	0	0	0	116	Humans|Currarino triad|*Digestive System Abnormalities|*Syringomyelia|*Anal Canal|*Rectum|*Sacrum|*Genes, Homeobox|*Phenotype|Homeodomain Proteins|Transcription Factors|Mutations|Abnormalities, Multiple|Chinese|Genotype|MNX1 protein, human
mnx1	32460659	Zebrafish	2020		10.1089/zeb.2019.1777	0	0	0	116	Animals|*Insulin-Secreting Cells|Zebrafish|Regeneration|Pancreas|Cell Lineage|Cell Proliferation|Animal Models
mnx1	32117046	Front Endocrinol (Lausanne)	2020	PMC7010808	10.3389/fendo.2019.00934	0	0	0	116	Humans|Mice|Animals|Phenotypes|*Disease Models, Animal|Ethylnitrosourea|Mutations|Mice, Transgenic|Mutagenesis|Osteochondrodysplasias|Cilia|X-Linked Gene|Gene Expression|Proteins|Knockouts, Gene|Human Genetics
mnx1	31924214	Mol. Cancer	2020	PMC6953272	10.1186/s12943-019-1104-1	3	0	0	116	*RNA, Long Noncoding|*Stomach Neoplasms|Neoplasm Invasiveness|Gene Expression Regulation, Neoplastic|Cell Proliferation|Cell Movement|*Stomach|MicroRNAs|Homeodomain Proteins|Transcription Factors|Cell Line, Tumor|*Neoplastic Processes|Up-Regulation|Disease Progression|Proto-Oncogene Proteins c-bcl-2
mnx1	31903751	J. Agric. Food Chem.	2020		10.1021/acs.jafc.9b07151	0	0	0	116	Yarrowia|Metabolic Engineering|Fermentation|Arbutin|Bioreactors
mnx1	31847880	J Hematol Oncol	2019	PMC6918594	10.1186/s13045-019-0826-2	1	0	0	116	*Carcinoma, Pancreatic Ductal|Pancreatic Carcinoma|*Pancreatic Neoplasms|*Macrophages|Cell Movement|Cell Proliferation|Gene Expression Regulation, Neoplastic|Epithelial-Mesenchymal Transition|Prognosis|Cancer-Associated Fibroblasts|*HSP90 Heat-Shock Proteins|Xenograft Model Antitumor Assays|Biomarkers, Tumor|Apoptosis|Signal Transduction|Cell Line, Tumor
mnx1	31843814	J. Pharmacol. Exp. Ther.	2019		10.1124/jpet.119.262949	0	0	0	116	Humans|*RNA, Long Noncoding|*RNA, Anti-Sense|*Urinary Bladder Neoplasms|*Transcription Factors|Cell Proliferation|*Oncogenes|Neoplasm Invasiveness|Gene Expression Regulation, Neoplastic|MicroRNAs|Cell Movement|*Oncogenesis|Homeodomain Proteins|Cell Line, Tumor|Up-Regulation|Epithelial-Mesenchymal Transition|Disease Progression|MNX1 protein, human|MIRN218 microRNA, human
mnx1	31730496	Orphanet J Rare Dis	2019	PMC6858688	10.1186/s13023-019-1208-0	0	0	0	116	Humans|*Mosaicism|Pigmentation Disorders|Karyotyping|Skin Pigmentation|Phenotype
mnx1	31726413	Sci. Total Environ.	2019		10.1016/j.scitotenv.2019.134870	0	0	0	116	Animals|*Zebrafish|Hedgehog Proteins|decamethrin|*Urinary Bladder|*Pyrethrins|Nitriles|*Organogenesis|Swimbladder|PTCH2 protein, human|Patched-2 Receptor|Embryo, Nonmammalian|Insecticides|Signal Transduction|PTCH protein, human|Patched-1 Receptor|Wnt1 Protein
mnx1	31646549	Eur Rev Med Pharmacol Sci	2019		10.26355/eurrev_201910_19126	0	1	0	116	*Epithelial-Mesenchymal Transition|*Osteosarcoma|*Oncogene|RNA, Long Noncoding|Homeodomain Proteins|Cell Proliferation|Gene Expression Regulation, Neoplastic|Transcription Factors|Cell Movement|Cell Line, Tumor|Disease Progression
mnx1	31511252	Development	2019	PMC7212092	10.1242/dev.179523	11	0	0	116	Enhancer Elements, Genetic|CCCTC-Binding Factor|Chromatin|Promoter Regions, Genetic|Gene Expression Regulation, Developmental|Binding Sites|Hedgehog Proteins
mnx1	31436258	Med. Sci. Monit.	2019	PMC6716296	10.12659/MSM.914233	0	0	0	116	Humans|Female|CCNE1 protein, human|*Cyclin E|*Uterine Cervical Neoplasms|*Genes, Homeobox|*Oncogene Proteins|Cell Proliferation|Homeodomain Proteins|Transcription Factors|Cell Movement|Upregulation|CCNE2 protein, human|Cyclins|RNA, Long Noncoding|*Carcinoma, Squamous Cell|HeLa Cell|*Motor Neuron|Cell Line, Tumor|*Pancreas
mnx1	31430329	PLoS ONE	2019	PMC6701795	10.1371/journal.pone.0221456	0	1	0	116	Humans|Mice|Animals|gastrin I|*Gastrins|*Glycated Hemoglobin A|Diabetes Mellitus, Experimental|Islet Cells|Insulin|Glucagon|Insulin Secretion|Receptor, Gastrin|Insulin-Secreting Cells|GLP 1|Glucose
mnx1	31416476	Hum. Genomics	2019	PMC6694645	10.1186/s40246-019-0230-6	0	0	0	116	Humans|*RNA, Long Noncoding|*Laryngeal Neoplasms|*Prognosis|Gene Expression Regulation, Neoplastic|Biomarkers, Tumor|Kaplan-Meier Estimate|Gene Expression Profiling|ROC Curve
mnx1	31364121	Eur Rev Med Pharmacol Sci	2019		10.26355/eurrev_201907_18417	1	4	0	116	Humans|*RNA, Long Noncoding|KISS1 protein, human|*Kisspeptins|*Osteosarcoma|Homeodomain Proteins|Cell Proliferation|Cell Movement|RNA, Antisense|Gene Expression Regulation, Neoplastic|Transcription Factors|Cell Line, Tumor|Disease Progression|Up-Regulation|MNX1 protein, human
mnx1	31364117	Eur Rev Med Pharmacol Sci	2019		10.26355/eurrev_201907_18431	0	4	0	116	*RNA, Long Noncoding|*Esophageal Squamous Cell Carcinoma|*Esophageal Neoplasms|*Upregulation|IGF2 protein, human|*IGF-2|Neoplasm Invasiveness|Gene Expression Regulation, Neoplastic|Cell Proliferation|Cell Movement|*Transcriptional Activation|Homeodomain Proteins|Cell Line, Tumor|*Neoplastic Processes|Transcription Factors
mnx1	31210302	Eur Rev Med Pharmacol Sci	2019		10.26355/eurrev_201906_18057	2	4	0	116	*RNA, Long Noncoding|*Stomach Neoplasms|CDKN1A protein, human|*Cyclin-Dependent Kinase Inhibitor p21|Neoplasm Invasiveness|Gene Expression Regulation, Neoplastic|Cell Proliferation|*Neoplastic Processes|RNA, Antisense|Homeodomain Proteins|Cell Movement|Transcription Factors|Cell Line, Tumor|Up-Regulation|Apoptosis|Disease Progression
mnx1	31170665	Biomed. Pharmacother.	2019		10.1016/j.biopha.2019.109029	5	3	0	116	*RNA, Long Noncoding|*Esophageal Squamous Cell Carcinoma|*Sirtuin 1|*Esophageal Neoplasms|*Disease Progression|Gene Expression Regulation, Neoplastic|MicroRNAs|Neoplasm Invasiveness|Cell Proliferation|Cell Movement|Cell Line, Tumor|Up-Regulation
mnx1	31118668	Onco Targets Ther	2019	PMC6497912	10.2147/OTT.S198014	0	1	0	116	
