QUERY_TERM	PMID	JOURNAL_TITLE	YEAR	PMCID	DOI	PMC_CITATION_COUNT	INDRA_STATEMENT_COUNT	OC_CITATION_COUNT	INDRA_QUERY_TERM_STATEMENT_COUNT	MESH_TERMS	PMID_COUNT 
CD71	32588489	J. Clin. Lab. Anal.	2020		10.1002/jcla.23420	0	0	0	4117	Pregnancy|Female|Humans|*Erythroblasts|*Cell Separation|CD71 antigen|*Receptors, Transferrin|*Fetus|*Antigens, CD|*Prenatal Care|Maternal-Fetal Exchange|Immunomagnetic Separation|Prenatal Diagnosis|Fetal Blood|Antigens, Differentiation, B-Lymphocyte|*Erythrocyte Count|In Situ Hybridization, Fluorescence|*Magnetic|*Blood Cell Count|Magnetic Phenomena	20
CD71	32582860	Sci Adv	2020	PMC7292630	10.1126/sciadv.abb3900	0	0	0	4117	Mice|Animals|*Cyclosporine A|*Disease Models, Animal|*Lupus Erythematosus, Systemic|*Glomerulonephritis|*Lupus Erythematosus, Discoid|Mice, Inbred MRL lpr|*Nanoparticle|Antibodies, Antinuclear|Immunosuppressive Agents|*Lymphatic System|CD71 antigen|Receptors, Transferrin|gambogic acid|Xanthones|Antigens, CD	20
CD71	32572998	Environ. Mol. Mutagen.	2020		10.1002/em.22393	0	0	0	4117	Male|Female|Humans|*Reticulocytes|*Flow Cytometries|*Mutation|Micronucleus Tests|Mutagens|CD71 antigen|Receptors, Transferrin|Erythrocytes|Antigens, CD|Membrane Proteins	20
CD71	32556188	J. Infect. Dis.	2020		10.1093/infdis/jiaa177	0	0	0	4117	Animals|Humans|*Malaria, Vivax|*Bone Marrow|Plasmodium vivax|Malaria|Erythropoiesis|*Bone and Bones	20
CD71	32552958	Zhongguo Shi Yan Xue Ye Xue Za Zhi	2020		10.19746/j.cnki.issn.1009-2137.2020.03.033	0	0	0	4117	Child|Humans|Female|Pregnancy|alpha-Thalassemia|beta-Thalassemia|*Mutation|Genotype|China|*Biochemical Phenomena	20
CD71	32543774	Cytometry B Clin Cytom	2020		10.1002/cyto.b.21931	0	0	0	4117	*Flow Cytometries|*Bone Marrow|*Radar|*Myelodysplastic Syndromes|Immunophenotyping|Erythropoiesis|Antigens, CD|Bone Marrow Cells|Cell Count|Case-Control Studies	20
CD71	32518401	Nat. Biotechnol.	2020	PMC7294996	10.1038/s41587-020-0456-9	1	0	0	4117	Humans|*RNA, Guide|CRISPR|CRISPR-Cas Systems|CRISPR-Associated Proteins|Genome|RNA	20
CD71	32483133	Sci Rep	2020	PMC7264208	10.1038/s41598-020-65851-y	0	0	0	4117	*Monocytes|*Diabetes Mellitus, Type 1|*Plasmacytoid Dendritic Cells|*DNA|Lymphocyte Activation|CD71 antigen|Antigens, CD|Interferon-alpha|Cells, Cultured|Receptors, Transferrin	20
CD71	32456797	Biochem. Biophys. Res. Commun.	2020		10.1016/j.bbrc.2020.04.143	0	0	0	4117	Humans|Mice|Animals|GATA1 protein, human|*GATA1 Transcription Factor|Progenitors, Megakaryocyte-Erythroid|Megakaryocytes|Thrombopoietin|Erythropoiesis|Cell Differentiation|Antigens, CD34|Doxycycline|Cells, Cultured|Gene Expression Regulation	20
CD71	32450207	Exp. Hematol.	2020		10.1016/j.exphem.2020.05.005	0	0	0	4117	Erythropoiesis|CD71 antigen|*Receptors, Transferrin|EPO protein, human|Erythropoietin|Erythroid Precursor Cells|*Antigens, CD|Spleen|Red Blood Cells|Cell Proliferation|Erythrocyte Count|PTPRC protein, human|Leukocyte Common Antigens	20
CD71	32429209	Cells	2020	PMC7290576	10.3390/cells9051227	0	0	0	4117	Rats|Animals|*Endothelial Cells|*Liver Cirrhosis|*Antigen-Presenting Cells|*Th17 Cells|Liver|*Endothelium|Lymphocyte Activation|*B Cells|Kupffer Cells|Carbon Tetrachloride|Cell Differentiation|*Mononuclear Phagocyte System|*Hepatic Veins	20
CD71	32407296	JCI Insight	2020	PMC7308060	10.1172/jci.insight.135751	0	0	0	4117	Humans|Infant|Child|Mice|Animals|Child, Preschool|Biliary Atresia|Rotavirus|*Liver|Rotavirus Infections|Cholestasis|Bile Ducts, Extrahepatic|Mice, Inbred BALB C|*Hepatic Cells|Killer Cells, Natural|Animals, Newborn|Disease Models, Animal|CD71 antigen|*Antigens, CD|*Receptors, Transferrin|*Cells, Erythroid	20
CD71	32358067	J. Biol. Chem.	2020	PMC7278357	10.1074/jbc.RA119.011679	0	0	0	4117	cholesterol-binding protein|*Erythroblasts|Carrier Proteins|Erythropoiesis|TYRP1 protein, human|*Membrane Glycoproteins|*Biological Transport|Cell Differentiation|Cholesterol|Cell Proliferation	20
CD71	32355561	Clin Transl Immunology	2020	PMC7190396	10.1002/cti2.1133	0	0	0	4117	B Cells|B-Lymphocyte Subsets|Plasma Cells|Immunophenotyping|Immunologic Memory|Flow Cytometry|Multiple Sclerosis	20
CD71	32284314	Immunohorizons	2020		10.4049/immunohorizons.2000003	0	0	0	4117	Humans|*Iron|*Helper Cells|Lymphocyte Activation|CD28 Antigens|CD71 antigen|Antigens, CD|Antigens, Differentiation, T-Lymphocyte|Antigen-Presenting Cells|Interleukin-2|Lymphocyte Culture Test, Mixed|Cytokines|Antibodies, Monoclonal|Receptors, Interleukin-2|Signal Transduction|Transferrin Receptor	20
CD71	32279324	Clin. Exp. Immunol.	2020	PMC7290081	10.1111/cei.13437	1	0	0	4117	Pregnancy|Humans|Child|Female|Mice|Animals|Adult|*Maternal Age|*T-Cell Subsets|*Labor, Obstetric|Obstetric Labor, Premature|Decidua|Immunophenotyping|Premature Birth|Adaptive Immunity|Cytokines|Dystocia	20
CD71	32277709	Eur. J. Immunol.	2020		10.1002/eji.201948177	0	0	0	4117	Humans|*IgA|*T Cells|CD71 antigen|Receptors, Transferrin|Antigens, CD|Secretory IgA|Immunoglobulin Isotypes|DC-specific ICAM-3 grabbing nonintegrin|Receptors, Cell Surface|Lectins, C-Type|Cell Adhesion Molecules|Monocyte|*Isoforms|Dendritic Cells	20
CD71	32267290	Braz Oral Res	2020		10.1590/1807-3107bor-2020.vol34.0033	0	0	0	4117	Humans|*Stem Cells|CD71 antigen|Receptors, Transferrin|Antigens, CD|Keratinocytes|NGFR protein, human|Receptors, Nerve Growth Factor|Cell Separation|Integrin alpha6|Nerve Tissue Proteins|Cell Differentiation|Cells, Cultured|Flow Cytometry|*Phenotype|Oral Mucosa	20
CD71	32229108	Hematol Transfus Cell Ther	2020		10.1016/j.htct.2020.01.005	0	0	0	4117	*Induced Pluripotent Stem Cells|*Hematopoietic Stem Cells|Pluripotent Stem Cells|Antigens, CD34|Cell Differentiation|Cell Disease, Sickle|*Erythrocytes, Abnormal|Hematopoietic Stem Cell Transplantation|*Mutation	20
CD71	32172064	Biomed. Pharmacother.	2020		10.1016/j.biopha.2020.110062	0	0	0	4117	Humans|Female|Mice|Cattle|Animals|*Tumor Microenvironment|*Disease Models, Animal|*Triple-Negative Breast Cancer|AC protocol|*Doxorubicin|*Antineoplastic Combined Chemotherapy Protocols|*Cyclophosphamide|Cell Line, Tumor|CD8-Positive T-Lymphocytes	20
chorea	32670106	Front Psychiatry	2020	PMC7328706	10.3389/fpsyt.2020.00564	0	0	0	0	Child|Humans|*Chorea|*Autoantibodies|*Autoimmune Diseases|*Streptococcal Infections|*Basal Ganglia|*Encephalitis|Dopamine Receptor|Immunoglobulin G|Obsessive-Compulsive Disorder|*Biomarkers|Neurons	18
chorea	32662046	J. Mol. Neurosci.	2020		10.1007/s12031-020-01654-0	0	0	0	0	Humans|Child|Adolescent|Young Adult|Adult|Middle Aged|*Hepatolenticular Degeneration|*Movement Disorders|*Magnetic Resonance Imaging|Oxidative Stress|Tremor|Malondialdehyde|Glutathione|IL10 protein, human|IL10|Antioxidants|Putamen|Chorea|Globus Pallidus|Dystonia|*Biomarkers|Cytokines|Glutamate|Copper	18
chorea	32643304	Am. J. Med. Genet. B Neuropsychiatr. Genet.	2020		10.1002/ajmg.b.32810	0	0	0	0	Adult|Humans|*Huntington Disease|Caudate Nucleus|Atrophy|*Cohort Studies|Putamen|Trinucleotide Repeats|Magnetic Resonance Imaging|Nucleus Accumbens|Onset Age|Disease Progression|Phenotypes|*Asians	18
chorea	32642387	Cureus	2020	PMC7336583	10.7759/cureus.8483	0	0	0	0	Humans|*Chorea|Hyperglycemia|Dyskinesias|Magnetic Resonance Imaging|Basal Ganglia|Haloperidol|Insulin	18
chorea	32627162	Rev Neurol	2020		10.33588/rn.7102.2020154	0	0	0	0	Child|Humans|Child, Preschool|*Dyskinesias|Choreiform Movements|Movement Disorders|Dystonic Disorders|Dystonia|Pedigree|Myoclonus|Mutation|Adenylyl Cyclases	18
chorea	32611460	Cardiol Young	2020		10.1017/S1047951120001596	0	0	0	0	Child|Humans|Retrospective Studies|Turkey|*Acute Rheumatic Fever|Rheumatic Heart Disease|Mitral Valve|Carditis|Aortic Valve Insufficiency|Mitral Valve Insufficiency|Sydenham Chorea|Aortic Valve|Acute Disease|Incidence|Annular Erythema|Erythema	18
chorea	32606521	Ann Indian Acad Neurol	2020	PMC7313556	10.4103/aian.AIAN_612_19	0	0	0	0	Child|Humans|*Movement Disorders|*Metabolic Diseases	18
chorea	32580238	Brain Pathol.	2020		10.1111/bpa.12872	0	0	0	0	Humans|*Huntington Disease|*Spinocerebellar Ataxias|SAFB protein, human|*Nuclear Matrix-Associated Proteins|*Matrix Attachment Region Binding Proteins|*Receptors, Estrogen|Purkinje Cell|Cerebellum|Corpus Striatum|Neurons|Nerve Tissue Proteins|Parkinson Disease|RNA Binding Protein|RNA Splicing	18
chorea	32566771	eNeurologicalSci	2020	PMC7296341	10.1016/j.ensci.2020.100246	0	0	0	0	Child|Humans|Female|Child, Preschool|*Chorea|Saudi Arabia|Fever, Rheumatic|Carditis|Heart Valve Diseases|Echocardiography|Doppler Echocardiography|Antibiotic Prophylaxis	18
chorea	32558415	Turk. J. Pediatr.	2020		10.24953/turkjped.2020.03.008	0	0	0	0	*Fever, Rheumatic|Rheumatic Heart Disease|Mitral Valve Insufficiency|Echocardiography, Doppler|Myocarditis|Acute Disease|Egypt	18
chorea	32557468	Fortschr Neurol Psychiatr	2020		10.1055/a-1124-0060	0	0	0	0	*Chorea|*Huntington Disease|Genetic Testing|Movement Disorders	18
chorea	32549949	Neurohospitalist	2020	PMC7271625	10.1177/1941874420902875	0	0	0	0	Humans|Male|*Chorea|Hyperglycemia|Magnetic Resonance Imaging|*Atrophy|Diabetes Mellitus, Type 2|*Temporal Lobe|Blood Glucose|Tomography, X-Ray Computed|*Dementia|Corpus Striatum	18
chorea	32526745	Cardiology	2020		10.1159/000508035	0	0	0	0	Child|Humans|*Myocarditis|*Incidence|*Rheumatic Heart Disease|Acute Rheumatic Fever|Mitral Valve Insufficiency|Mitral Valve|Aortic Valve Insufficiency	18
chorea	32513333	BJPsych Bull	2020		10.1192/bjb.2020.51	0	0	0	0	Humans|Female|*Electroconvulsive Therapy|*Huntington Disease|*Chorea|*Depressive Disorder, Major|*Psychosis|Treatment Outcome|Psychomotor Disorders	18
chorea	32494755	Neurol Genet	2020	PMC7217656	10.1212/NXG.0000000000000426	0	0	0	0	Humans|*Neuroacanthocytosis|Vesicular Transport Proteins|*Phenotypic Variability|Sweden	18
chorea	32482839	Neurology	2020		10.1212/WNL.0000000000009649	0	0	0	0	Humans|Gait Disorders, Neurologic|Parkinson Disease|*Gait|Dystonic Disorders|Dystonia|Walking	18
chorea	32481362	Medicine (Baltimore)	2020		10.1097/MD.0000000000019801	0	0	0	0	*Chorea|*Hyperglycemia|Diabetes Mellitus, Type 2|Dyskinesias	18
chorea	32454050	Pharmacol. Ther.	2020		10.1016/j.pharmthera.2020.107580	0	0	0	0	*Hyperkinesis|valbenazine|Tetrabenazine|Tardive Dyskinesia|Vesicular Monoamine Transport Proteins|Adrenergic Uptake Inhibitors|Huntington Disease|Antipsychotic Agents|Valine|Chorea|Dopamine Antagonists|Involuntary Movements|Neurotransmission|Personality	18
fes1	32162033	Ecotoxicology	2020		10.1007/s10646-020-02185-5	0	0	0	198	*Zosteraceae|Ecosystem|Heat Shock Protein 70|Abiotic Stress|Sequence Alignment|cDNA|Base Sequence|Untranslated Region|Amino Acid Sequence|Cloning, Molecular|*Nucleotides|Phylogeny|Gene Expression|Open Reading Frame|China	20
fes1	31806703	J. Biol. Chem.	2019	PMC6956543	10.1074/jbc.RA119.010125	0	0	0	198	*Saccharomyces cerevisiae|*Methionine|*HSP70 Heat-Shock Proteins|*Racemethionine|Saccharomyces cerevisiae Proteins|*Cytosol|*Redox|Molecular Chaperones|*Yeast, Dried|Methionine Sulfoxide Reductases|*Guanine Nucleotide Exchange Factors|*Cytoplasm|Mitochondria|Cysteine|*Nucleotides|Oxidative Stress|FES1 protein, S cerevisiae|Intracellular Signaling Peptides and Proteins	20
fes1	31789509	Environ. Sci. Technol.	2019		10.1021/acs.est.9b06393	0	0	0	198	*Mercury|ferrous sulfide|*Temperature|Coal|Power Plants|*Ferrous Compounds|Gases|Air Pollutants|Adsorption|Magnetic	20
fes1	31428776	Nucleic Acids Res.	2019	PMC6821268	10.1093/nar/gkz722	0	2	0	198	*Proteostasis|polyglutamine|*Ribonuclease|HTT protein, human|*Huntingtin Protein|*Peptides|HSP70 Heat-Shock Proteins|Saccharomyces cerevisiae Proteins|HSP40 Heat-Shock Proteins|Molecular Chaperones|Saccharomyces cerevisiae|Heat-Shock Proteins|Protein Folding|Huntington Disease|Heat Shock|RNA Exosome|*Gene Expression Regulation|Protein Binding	20
fes1	31242183	PLoS Genet.	2019	PMC6615629	10.1371/journal.pgen.1008219	2	3	0	198	*HSP70 Heat-Shock Proteins|Saccharomyces cerevisiae Proteins|Saccharomyces cerevisiae|*Guanine Nucleotide Exchange Factors|*Cell Wall|Prions|*Nucleotides|Heat-Shock Proteins|Intracellular Signaling Peptides and Proteins|Protein Folding|Adenosine Triphosphatases|3'-(1-butylphosphoryl)adenosine|*Gluconeogenesis|SLT2 protein, S cerevisiae|Mitogen-Activated Protein Kinases|FES1 protein, S cerevisiae	20
fes1	30796711	Plant Mol. Biol.	2019		10.1007/s11103-019-00844-8	0	1	0	198	*Thermotolerance|Arabidopsis thaliana|Arabidopsis Proteins|Stress, Heat|Gene Expression Regulation, Plant|Heat-Shock Proteins|Seedlings|Heat Shock Transcription Factors|Calmodulin|Transcription Factors|Heat|Molecular Chaperones|DNA-Binding Proteins|Signal Transduction|Cell Nucleus|HSP70 Heat-Shock Proteins|Protein Binding|BAG6 protein, Arabidopsis	20
fes1	29670966	Chem. Commun. (Camb.)	2018		10.1039/c8cc00895g	0	0	0	198	*Water|*Sulfides|*Oxidation-Reduction|*Metals|*Amines	20
fes1	29570612	Nanomaterials (Basel)	2018	PMC5923517	10.3390/nano8040187	0	0	0	198	ferrous sulfide|*Iron|*Nanocomposites|*Nanoparticles|*Ferrous Compounds|Xray Diffraction|hydroxyethylcellulose|*Cellulose|Sulfides|Microscopy, Electron, Transmission|Particle Size|Scanning Electron Microscopy|Spectroscopy, Fourier Transform Infrared|Energy Dispersive X Ray Spectroscopy|Spectrophotometry, Ultraviolet	20
fes1	29346421	PLoS ONE	2018	PMC5773196	10.1371/journal.pone.0191490	1	15	0	198	*Saccharomyces cerevisiae|*Heat Shock Proteins|Saccharomyces cerevisiae Proteins|DNAJB1 protein, human|HSP40 Heat-Shock Proteins|Molecular Chaperones|HSP70 Heat-Shock Proteins|*Yeast, Dried|Folding, Protein|Ubiquitin|Huntingtin Protein|*Autophagy|Proteasome|polyglutamine|Peptides|YDJ1 protein, S cerevisiae	20
fes1	29323280	Nat. Struct. Mol. Biol.	2018		10.1038/s41594-017-0008-2	12	0	0	198	Humans|Animals|*HSP70 Heat-Shock Proteins|Molecular Chaperones|Saccharomyces cerevisiae|Saccharomyces cerevisiae Proteins|HSP110 Heat-Shock Proteins|*Nucleotides|Protein Folding|3'-(1-butylphosphoryl)adenosine|Adenosine Triphosphatases|Adaptor Proteins, Signal Transducing|Guanine Nucleotide Exchange Factors|HSPBP1 protein, human|FES1 protein, S cerevisiae|Intracellular Signaling Peptides and Proteins	20
fes1	29176680	Sci Rep	2017	PMC5701153	10.1038/s41598-017-16577-x	8	19	0	198	*Transcriptome|*Recombinant Proteins|Pichia|Fungal Proteins|*Transcriptome Analysis|Gene Expression Regulation, Fungal|*Saccharomycetales|Proteomics	20
fes1	28714208	Adv. Mater. Weinheim	2017		10.1002/adma.201702327	15	0	0	198	*Temperature|*Electric Power Supplies|*Sulfur|Catalysis|Electrodes|Oxygen|Oxides|Metals|Nanostructures|Zinc	20
fes1	27782493	J Chem Phys	2016		10.1063/1.4964651	0	0	0	198	*Photoelectron Spectroscopy|ferrous sulfide|*Density Functional Theory|*Sulfides|*Ferrous Compounds|*Anions|Quantum Theory|Molecular Structure|Iron	20
fes1	28773328	Materials (Basel)	2016	PMC5456699	10.3390/ma9030200	2	4	0	198	*Corrosion|*Chromium|*Steels|*Temperature|Chromium Alloys|Surface Properties|Stainless Steel|Materials Testing|Saliva, Artificial|Nickel|Oxides|*Hot Temperature	20
fes1	26912797	Mol. Biol. Cell	2016	PMC4831876	10.1091/mbc.E15-10-0697	12	11	1	198	*Saccharomyces cerevisiae|*Cytosol|*HSP70 Heat-Shock Proteins|Saccharomyces cerevisiae Proteins|Proteasome|Ubiquitin|*Yeast, Dried|Molecular Chaperones|HSP40 Heat-Shock Proteins|Proteolysis|Protein Folding|Adenosine Triphosphatases|Cell Nucleus|Ubiquitin-Protein Ligases|Cytoplasm|*Isoforms|*Nucleotides|FES1 protein, S cerevisiae	20
fes1	26278897	Environ Sci Pollut Res Int	2015		10.1007/s11356-015-5033-2	1	0	0	198	ferrous sulfide|Perchloroethylene|*Ferrous Compounds|Trichloroethylene|Dichloroethylenes|ethylene dichloride|Ethylene Dichlorides|Oxidation-Reduction|Halogenation|Iron|Groundwater|Kinetics|Biodegradation, Environmental|*Iron, Dietary	20
fes1	24671421	J. Biol. Chem.	2014	PMC4036327	10.1074/jbc.M113.530014	24	0	4	198	Humans|*Saccharomyces cerevisiae|*Heat Shock Protein 70|Saccharomyces cerevisiae Proteins|Heat-Shock Protein 110|Molecular Chaperones|*Cytosol|*Yeast, Dried|*Nucleotides|Protein Folding|HSP90 Heat-Shock Proteins|Heat Shock Protein|BCL2-associated athanogene 1 protein|DNA-Binding Proteins|Protein Biosynthesis|structure-specific endonuclease I|Endonucleases|Protein Binding|Transcription Factor	20
fes1	23899645	Plant Physiol.	2013	PMC3762645	10.1104/pp.113.223958	7	0	1	198	*Arabidopsis|*Protein C|Arabidopsis Proteins|MADS Domain Proteins|Gene Expression Regulation, Plant|Flowers|Chromatin|Histones|Transcriptional Activation|*Seasons|Mutations|Phenotype|SUF4 protein, Arabidopsis|Trans-Activators	20
fes1	23797105	G3 (Bethesda)	2013	PMC3737180	10.1534/g3.113.007112	8	6	3	198	*Saccharomyces cerevisiae|*Prions|*Molecular Chaperones|Saccharomyces cerevisiae Proteins|HSP110 Heat-Shock Proteins|HSP70 Heat-Shock Proteins|*Yeast, Dried|structure-specific endonuclease I|*Endonucleases|*DNA Mutational Analysis|Adenosine Triphosphatases|Cytosol|Nucleotides|SSE1 protein, S cerevisiae	20
fes1	23530227	Proc. Natl. Acad. Sci. U.S.A.	2013	PMC3625341	10.1073/pnas.1216778110	28	0	5	198	*Ubiquitin|Neurodegenerative Diseases|*HSP70 Heat-Shock Proteins|*Cytosol|Saccharomyces cerevisiae Proteins|Saccharomyces cerevisiae|Molecular Chaperones|Proteasome Endopeptidase Complex|HSP40 Heat-Shock Proteins|Protein Folding|Proteolysis|Adenosine Triphosphatases|Ubiquitylation|Ubiquitin-Protein Ligases|Protein Binding|3'-(1-butylphosphoryl)adenosine|*Nucleotides|Heat-Shock Response	20
pax6a	32555736	PLoS Genet.	2020	PMC7323998	10.1371/journal.pgen.1008774	0	0	0	0	Animals|*Neural Crest|*Anterior Eye Segment|Anterior segment mesenchymal dysgenesis|Eye Abnormalities|Homeodomain Proteins|Lens, Crystalline|Zebrafish|SOXE Transcription Factors|Signal Transduction	20
pax6a	30671985	J Appl Toxicol	2019		10.1002/jat.3770	1	0	0	0	United States|Humans|Animals|Child|*Zebrafish|*Arsenic|Water Pollutants, Chemical|Gene Expression|Neurogenesis	20
pax6a	30648819	Birth Defects Res	2019		10.1002/bdr2.1458	2	1	0	0	Animals|Female|Humans|Pregnancy|*Zebrafish|*Fetal Alcohol Spectrum Disorders|*Ethanol|*Cannabinoids|Hedgehog Proteins|Embryo, Nonmammalian|Embryogenesis	20
pax6a	28493069	Exp Brain Res	2017	PMC5523850	10.1007/s00221-017-4977-5	1	18	0	0	Animals|*Zebrafish|*Morpholinos|*Ethanol|Hedgehog Proteins|Zebrafish Proteins|Embryo, Nonmammalian|Gene Expression Regulation, Developmental|Hindbrain|In Situ Hybridization|Retinoic Acid|Prosencephalon|Agrin|Eye|*Biomarkers|Signal Transduction|Fibroblast Growth Factors	20
pax6a	28192799	Invest. Ophthalmol. Vis. Sci.	2017	PMC5308778	10.1167/iovs.16-20235	9	27	0	0	Animals|*Retinoic Acid|*Eye|CYP1B1 protein, human|*Cytochrome P-450 CYP1B1|Zebrafish|*Vision, Ocular|Neural Crest|Embryo, Nonmammalian|Gene Expression Regulation, Developmental|*Face|Transcription Factors	20
pax6a	27387288	PLoS ONE	2016	PMC4936704	10.1371/journal.pone.0158210	3	4	1	0	Animals|Hedgehog Proteins|*Zebrafish|*Habenula|*Neurogenesis|Body Patterning|Zebrafish Proteins|Signal Transduction|Diencephalon|Gene Expression Regulation, Developmental|Transcription Factor|NEUROG1 protein, human|Nerve Tissue Proteins|Cell Differentiation|Basic Helix-Loop-Helix Transcription Factors|Embryo, Nonmammalian|Neurons|neurod4 protein, zebrafish	20
pax6a	26470995	Birth Defects Res. Part A Clin. Mol. Teratol.	2015	PMC4697881	10.1002/bdra.23460	8	43	0	0	Animals|*Zebrafish|*Retinoic Acid|*Ethanol|*Hedgehog Proteins|Zebrafish Proteins|Embryo, Nonmammalian|*Signal Transduction|Teratogens|Gene Expression Regulation, Developmental|Homeodomain Proteins|Eye	20
pax6a	26283463	Dev. Dyn.	2015	PMC4619121	10.1002/dvdy.24322	8	5	0	0	Animals|*Zebrafish|*Retina|Zebrafish Proteins|Embryo, Nonmammalian|Animals, Genetically Modified|Retinal Rod Photoreceptor Cells|Neuroglia|Cell Differentiation|Eye Proteins|Basic Helix-Loop-Helix Transcription Factors|Cell Proliferation|Nerve Regeneration|cloche protein, zebrafish	20
pax6a	29124181	Biochem Biophys Rep	2015	PMC5668850	10.1016/j.bbrep.2015.08.003	3	4	1	0		20
pax6a	26034575	Evodevo	2015	PMC4450993	10.1186/s13227-015-0010-x	5	1	0	0	Animals|*Spiders|Homeodomain Proteins|*Retina|Transcription Factors|Arthropods|Gene Expression Regulation, Developmental	20
pax6a	24951566	Genome Biol Evol	2014	PMC4122933	10.1093/gbe/evu135	5	1	2	0	Animals|Phylogeny|Paired Box Transcription Factors|Homeodomain Proteins|Eye Proteins|Zebrafish|Repressor Proteins|Gene Duplication|Zebrafish Proteins|PAX6 Transcription Factor|Genome|Evolution, Molecular|Conserved Sequence|Gene Expression Regulation, Developmental|Synteny|Retina	20
pax6a	24929233	Neurotoxicol Teratol	2014	PMC4120066	10.1016/j.ntt.2014.06.001	10	13	0	0	Animals|Female|Pregnancy|*Zebrafish|*Ethanol|Hedgehog Proteins|Zebrafish Proteins|Embryo, Nonmammalian|Fetal Alcohol Spectrum Disorders|Teratogens|Gene Expression Regulation, Developmental|Embryonic Development|Hindbrain|Tretinoin|Neurons|Prosencephalon|Retina|Microphthalmia	20
pax6a	23549158	Toxicol. Sci.	2013	PMC3663565	10.1093/toxsci/kft081	19	1	2	0	Animals|*Gold|*Zebrafish|*Metal Nanoparticles|Embryo, Nonmammalian|*Organogenesis|Embryonic Development|Particle Size|Gene Expression Regulation, Developmental|*Pigmentation|Behavior, Animal|In Situ Hybridization|*Pigmentation Disorders	20
pax6a	21544580	Hum. Genet.	2011		10.1007/s00439-011-0999-4	10	0	1	0	Humans|Animals|Infant|Pitt-Hopkins syndrome|*Zebrafish|Diffusion Tensor Imaging|*Facies|*Hyperventilation|*Intellectual Disability|*Phenotype|Transcription Factor 4|Basic Helix-Loop-Helix Leucine Zipper Transcription Factors|Transcription Factors|*Eyes|*Face	20
pax6a	21527633	J. Biol. Chem.	2011	PMC3123087	10.1074/jbc.M111.223834	15	0	3	0	Animals|*Zebrafish|*HMGB1 Protein|Zebrafish Proteins|Gene Expression Regulation, Developmental|Prosencephalon|Nerve Tissue Proteins|Oligonucleotides, Morpholino|Neurons|Signal Transduction|Oligonucleotides, Anti-Sense|Gene Knockdown Techniques|Cell Proliferation|Nervous System|Eyes	20
pax6a	21308976	Birth Defects Res. Part A Clin. Mol. Teratol.	2011	PMC4230012	10.1002/bdra.20766	19	32	0	0	Animals|Female|Pregnancy|*Zebrafish|*Ethanol|*Agrin|Zebrafish Proteins|Embryo, Nonmammalian|Teratogens|Fetal Alcohol Spectrum Disorders|Hedgehog Proteins|Gene Expression Regulation, Developmental|Eye|Tretinoin|Microphthalmia|Brain|Signal Transduction	20
pax6a	21123457	Clin. Cancer Res.	2010	PMC3076314	10.1158/1078-0432.CCR-10-1260	46	14	5	0	Humans|*Rubus|*Pilot Projects|*Colorectal Cancer|*Colonic Neoplasms|DNA Methylation|Wnt Pathway|DNA (Cytosine-5-)-Methyltransferases|Promoter Regions, Genetic|Colon|Epigenesis, Genetic|*Epigenetic|Rectum|Cell Proliferation|*Biomarkers	20
pax6a	20621053	Cell Stem Cell	2010	PMC2904346	10.1016/j.stem.2010.04.017	153	36	13	0	Humans|Mice|Animals|*Neural Plate|*Cell Differentiation|Paired Box Transcription Factors|Homeodomain Proteins|Eye Proteins|Embryonic Stem Cells|Repressor Proteins|PAX6 Transcription Factor|Gene Expression Regulation|Cell Line|Neuroepithelial Cells|PAX6 protein, human|Pax6 protein, mouse	20
pax6a	20549742	Dev. Dyn.	2010		10.1002/dvdy.22325	10	0	1	0	Animals|*Zebrafish|CTNNB1 protein, human|beta Catenin|Wnt Proteins|AXIN2 protein, human|Axin Protein|Adenomatous Polyposis Coli Protein|*Adenomatous Polyposis Coli|Signal Transduction|Mutation|Apoptosis|*Eyes	20
pax6a	20152834	Exp. Eye Res.	2010	PMC2856924	10.1016/j.exer.2010.02.001	58	0	2	0	Animals|*Zebrafish|Photoreceptors, Cone|Zebrafish Proteins|Retina|Retinal Rod Photoreceptor Cells|Glial Cell|Animals, Genetically Modified|Progenitor Cell|In Situ Nick-End Labeling|Cell Proliferation|Protein, Pax-6|Apoptosis|Nerve Regeneration|Retinal Diseases	20
Purine salvage	32591529	Nat Commun	2020	PMC7320144	10.1038/s41467-020-17013-x	0	0	0	0	Female|*Plasmodium falciparum|*IMP Nucleotidase|*Inosine Monophosphate|nucleotidase|Nucleotidases|*Catalysis	19
Purine salvage	32577832	Metabolomics	2020		10.1007/s11306-020-01698-8	0	0	0	0	*Picrorhiza|*Altitude|Iridoid Glucosides|Medicinal Plants|Cinnamates|*Acclimatization|Gene Expression Regulation, Plant|Plant Extracts	19
Purine salvage	32446804	J. Mol. Biol.	2020	PMC7323586	10.1016/j.jmb.2020.05.013	0	0	0	0	xanthine phosphoribosyltransferase|*Pentosyltransferases|Guanosine Pentaphosphate|Guanosine Tetraphosphate|Bacillus subtilis|Bacterial Proteins|Xanthine|Binding Sites|Amino Acid Sequence|Kinetics	19
Purine salvage	32430324	Proc. Natl. Acad. Sci. U.S.A.	2020	PMC7275668	10.1073/pnas.2003475117	0	0	0	0	Humans|*Lesch-Nyhan Syndrome|*Folic Acid|Hypoxanthine-Guanine Phosphoribosyltransferase|purine|*Purines|AICA ribonucleotide|Ribonucleotides|acadesine|Aminoimidazole Carboxamide|Purine Nucleotides|Hyperuricemia|Ribonucleosides|Uric Acid	19
Purine salvage	32385854	Transfusion	2020		10.1111/trf.15812	0	0	0	0	Humans|*Nicotine|*Red Blood Cells|Blood Preservation|*Erythrocyte Count|Erythrocyte Transfusion|Hemolysis|*Oxidants|Blood Donors|Oxidative Stress|*Biomarkers|Volunteers	19
Purine salvage	32296055	Nat Commun	2020	PMC7160140	10.1038/s41467-020-15611-3	0	0	0	0	*GMP Reductase|*Trypanosoma brucei brucei|*Cystathionine|*Allosteric Regulation|Adenine Nucleotides|Guanine Nucleotides|*Nitric Oxide Synthase|Nucleotides|Cystathionine beta-Synthase|Pyrophosphatases|Ligands	19
Purine salvage	32260512	Biomolecules	2020	PMC7226091	10.3390/biom10040552	0	0	0	0	nucleoside phosphorylase|*Nucleosides|*Catalytic Domain|*Pentosyltransferases|5'-methylthioadenosine phosphorylase|Purine Nucleoside Phosphorylases|Uridine Phosphorylase|Substrate Specificity|Ribose|ribose 1-phosphate|Ribosemonophosphates|Crystallography, X-Ray|Catalysis	19
Purine salvage	32245365	BMC Bioinformatics	2020	PMC7119163	10.1186/s12859-020-3415-z	0	0	0	0	Humans|*Metabolomic|*Metabolic Network|Metabolome|Software|User-Computer Interface|*Computers|Erythrocyte|Medicine, Transfusion	19
Purine salvage	32241963	Med. Sci. Monit.	2020	PMC7154562	10.12659/MSM.919360	0	0	0	0	*Lythrum|Molecular Docking Simulation|Traditional Chinese Medicine|*Primulaceae|Drugs, Chinese Herbal|*Kidney Calculi|Signal Transduction|Software|Databases, Factual|Taiwan	19
Purine salvage	32221330	Sci Rep	2020	PMC7101371	10.1038/s41598-020-62236-z	0	0	0	0	*Bacillales|Escherichia coli|*Antibiotic|Microbial Sensitivity Tests|Ralstonia solanacearum|Bacillus|Bacteria|Staphylococcus|Pathway, Biosynthetic	19
Purine salvage	32211028	Front Genet	2020	PMC7068213	10.3389/fgene.2020.00179	0	0	0	0	Leishmania donovani|Leishmaniasis, Visceral	19
Purine salvage	32029457	Genes Dev.	2020	PMC7050480	10.1101/gad.335109.119	3	0	0	0	*NAD|Poly(ADP-ribose) Polymerases	19
Purine salvage	31991093	Cell Host Microbe	2020		10.1016/j.chom.2020.01.002	4	0	0	0	Animals|*Toxoplasma|Parasites|CRISPR|*Genomics|Metabolic Network|Phenotypes	19
Purine salvage	31988175	Infect. Immun.	2020	PMC7093131	10.1128/IAI.00962-19	0	0	0	0		19
Purine salvage	31971609	Br. J. Pharmacol.	2020	PMC7174878	10.1111/bph.14978	1	0	0	0	Humans|Mice|Animals|*Urate Oxidase|*Xanthine Dehydrogenase|*Hypoxanthine Phosphoribosyltransferase|*Mice, Knockout|Allopurinol|purine|*Purines|Hyperuricemia|Lesch-Nyhan Syndrome|Uric Acid|Xanthine|FYX-051|Pyridines|Nitriles	19
Purine salvage	31916414	J Diabetes Investig	2020		10.1111/jdi.13207	0	0	0	0	Humans|*Xanthine|*Hypoxanthine|Oxidoreductase, Xanthine|*Obesity|Insulin Resistance|Uric Acid|Hyperuricemia|Chromatography, Liquid	19
Purine salvage	31911608	Nat Commun	2020	PMC6946658	10.1038/s41467-019-13950-4	0	0	0	0	Humans|Male|*Up-Regulation|*Prostate|*Prostate Cancer|diamine N-acetyltransferase|Acetyltransferases|Polyamines|5'-methylthioadenosine phosphorylase|Purine-Nucleoside Phosphorylase|Spermine|Spermidine|*Transcriptional Activation|Methionine|*Biochemical Phenomena|*Metabolic Clearance Rate	19
Purine salvage	31894729	Emerg Microbes Infect	2020	PMC6968694	10.1080/22221751.2019.1707716	0	0	0	0	*Transformylase|glycine amide|*Glycine|Escherichia coli Proteins|Phosphoribosylglycinamide Formyltransferase|Escherichia coli|exoribonuclease T|*Exoribonucleases|Crystallography, X-Ray|Ribonucleotides|Adenosine Triphosphate|Binding Sites|Acyltransferases|Amino Acid Sequence|Models, Molecular|Formates	19
Purine salvage	31862890	Nat Commun	2019	PMC6925228	10.1038/s41467-019-13694-1	2	0	0	0	Humans|Male|Aged|*NAD|*Mitochondria|Sarcopenia|*Oxidation-Reduction|Muscle, Skeletal|Oxidative Phosphorylation|Aging|Muscular Atrophy|Bioenergetic|Signal Transduction|Oxidative Stress|Jamaica|Singapore	19
AC004988.1	31930166	Mol Ther Oncolytics	2020	PMC6951825	10.1016/j.omto.2019.12.002	2	0	0	0	Humans|Female|*Long Non-Coding RNA|*Cystadenocarcinoma, Serous|*Carcinoma, Ovarian Epithelial|Gene Expression Regulation, Neoplastic|MicroRNAs|Ovarian Cancer|Epithelial-Mesenchymal Transition|Cell Migration|*Neoplastic Processes|Cell Line, Tumor|Upregulation|Cell Proliferation|MIRN101 microRNA, human	1
AC004947.2	31898160	Pathol. Oncol. Res.	2020		10.1007/s12253-019-00780-4	0	0	0	0	*RNA, Long Noncoding|*RNA, Micro|*Carcinoma, Squamous Cell|*Lung Adenocarcinoma|mRNA|Prognosis|Gene Regulatory Networks|Gene Expression Regulation, Neoplastic|Biomarkers, Tumor|Lung Cancer|Gene Ontology|*Carcinoma, Non-Small-Cell Lung|Kaplan-Meier Estimate	1
HCG11	32433496	Sci Rep	2020	PMC7239855	10.1038/s41598-020-65421-2	0	0	0	0	Humans|Female|*RNA, Long Noncoding|*Mitogen-Activated Protein Kinase 14|Gene Expression Regulation, Neoplastic|MicroRNAs|Biomarkers, Tumor|Up-Regulation|*Cancer	12
HCG11	32397815	DNA Cell Biol.	2020		10.1089/dna.2019.5313	0	0	0	0	Humans|Female|RNA, Long Noncoding|Prognosis|Gene Expression Regulation, Neoplastic|*Carcinoma, Endometrioid|Endometrial Neoplasms|Biomarkers, Tumor|Sequencing, RNA|Gene Expression Profiling|Kaplan-Meier Estimate|Transcriptome|DNA Methylation|Databases, Genetic|Nomogram|Receiver Operating Characteristic|Cohort Studies	12
HCG11	32271435	Eur Rev Med Pharmacol Sci	2020		10.26355/eurrev_202003_20684	0	0	0	0	*RNA, Long Noncoding|MicroRNAs|Cell Proliferation|*Disease Progression|Cell Movement|Gene Expression Regulation, Neoplastic|Apoptosis|*Laryngeal Neoplasms|Down-Regulation|Cell Line, Tumor	12
HCG11	32099468	Cancer Manag Res	2020	PMC7002755	10.2147/CMAR.S231796	0	0	0	0	Humans|Female|*RNA, Long Noncoding|*Uterine Cervical Neoplasms|*Prognosis|Neoplasm Recurrence, Local|Gene Expression Regulation, Neoplastic|Biomarkers, Tumor|Gene Expression Profiling|Gene Regulatory Networks|Kaplan-Meier Estimate	12
HCG11	31889902	Cancer Cell Int.	2020	PMC6933929	10.1186/s12935-019-1046-0	0	0	0	0	*RNA, Long Noncoding|*Stomach Neoplasms|*Wnt Signaling Pathway|CTNNB1 protein, human|*beta Catenin|MicroRNAs|Gene Expression Regulation, Neoplastic|Cell Proliferation|Cell Movement|Cell Line, Tumor|Apoptosis|Disease Progression	12
HCG11	31858580	Eur Rev Med Pharmacol Sci	2019		10.26355/eurrev_201912_19771	0	0	0	0	*Carcinoma, Hepatocellular|*RNA, Long Noncoding|*Liver Neoplasms|MicroRNAs|Gene Expression Regulation, Neoplastic|*Disease Progression|Cell Proliferation|Hep G2 Cells|Apoptosis|Cell Line, Tumor|Signal Transduction	12
HCG11	31310044	Cell Prolif.	2019	PMC6797506	10.1111/cpr.12615	7	5	0	0	Humans|*RNA, Long Noncoding|*Glioma|CPEB3 protein, human|*RNA-Binding Proteins|Antagomirs|MicroRNAs|Brain Neoplasms|Cell Proliferation|*Disease Progression|RNA Interference|RNA, Small Interfering|Cell Movement|Gene Expression Regulation, Neoplastic|Cell Line, Tumor|Apoptosis|Up-Regulation	12
HCG11	31228307	Cell Biol. Int.	2019		10.1002/cbin.11194	3	4	0	0	Humans|Male|Mice|Animals|*RNA, Long Noncoding|*Proto-Oncogene Proteins c-akt|Phosphatidylinositol 3-Kinases|MTOR protein, human|*TOR Serine-Threonine Kinases|Cell Proliferation|RNA, Micro|Signal Transduction|*Prostate Cancer|Phosphoinositide 3 Kinase|Neoplasm Invasiveness|Apoptosis|Cell Movement|*Disease Progression|Carcinoma, Non-Small-Cell Lung|Gene Expression Regulation, Neoplastic|Cell Cycle|Cell Line, Tumor	12
HCG11	30706982	J Gene Med	2019		10.1002/jgm.3074	1	1	0	0	Humans|Adult|*RNA, Long Noncoding|*Glioma|Brain Neoplasms|MicroRNAs|Gene Expression Regulation, Neoplastic|Cell Proliferation|Cell Movement|Cell Line, Tumor|Up-Regulation|Apoptosis|Disease Progression|Cell Transformation, Neoplastic|MTA3 protein, human|Neoplasm Proteins	12
HCG11	28677801	Int. J. Oncol.	2017	PMC5564403	10.3892/ijo.2017.4066	13	29	0	0	Humans|*RNA, Long Noncoding|*Carcinoma, Hepatocellular|*Liver Neoplasms|*mRNA|*Insulin|*Phosphorylation|*Apoptosis|HepG2 Cell|*MAP Kinase Signaling System|Cell Proliferation|Gene Expression Regulation, Neoplastic|*Signal Transduction|Cell Movement|Upregulation|CASP3 protein, human|Caspase 3|MicroRNAs|RNA Interference	12
HCG11	27522256	Biomed. Pharmacother.	2016		10.1016/j.biopha.2016.08.013	21	0	0	0	Humans|Male|*RNA, Long Noncoding|*Down-Regulation|*Prostate Cancer|Prognosis|Gleason Score|Gene Expression Regulation, Neoplastic|Kaplan-Meier Analysis|Disease Progression|Biomarkers, Tumor|Neoplasm Recurrence, Local|miRNAs|Cell Line, Tumor	12
HCG11	26942882	Oncotarget	2016	PMC4991477	10.18632/oncotarget.7828	51	2	2	0	Humans|*Long Non-Coding RNA|*Prognosis|Neoplasm Recurrence, Local|Gene Expression Regulation, Neoplastic|Biomarkers, Tumor|Cell Proliferation|Oncogenesis|Gene Expression Profiling|Cell Line, Tumor|Oncogenes|Kaplan-Meier Estimate|Upregulation	12
HCG15	32549918	EPMA J	2020	PMC7272521	10.1007/s13167-020-00209-y	0	0	0	0	Humans|Female|*RNA, Long Noncoding|*mRNA|*Ivermectin|*Carcinoma, Ovarian Epithelial|*Ovarian Cancer|Prognosis|Gene Expression Regulation, Neoplastic|Biomarkers, Tumor|Gene Regulatory Networks|Gene Expression Profiling|*Antiparasitic Agents|Kaplan-Meier Estimate|EIF4A3 protein, human|Eukaryotic Initiation Factor-4A|DEAD-box RNA Helicases	3
HCG15	32346611	Mol Ther Oncolytics	2020	PMC7183103	10.1016/j.omto.2020.03.017	0	0	0	0	*Glioma|Brain Neoplasms|lncRNA|*Cell Differentiation|Cell Movement|Cell Line, Tumor|Neovascularization, Pathologic|Cell Proliferation|Gene Expression Regulation, Neoplastic|*mRNA Decay|Signal Transduction|*Transcription Factors	3
HCG15	9436702	Hum. Reprod.	1998		10.1093/humrep/12.11.2538	6	0	0	0	Pregnancy|Female|Humans|*Pregnancy Outcome|*Chorionic Gonadotropin|Tubal Embryo Transfer|Fertilization in Vitro|Receiver Operating Characteristic|Pregnancy Complications|*Complement Factor B|Specificity	3
HCG17	30882937	J. Cell. Biochem.	2019		10.1002/jcb.28554	1	0	0	0	*RNA, Long Noncoding|*Brain Ischemia|*Stroke|Messenger RNA|Gene Regulatory Networks|RNA, Micro|Gene Expression Profiling|Transcriptome|Biomarkers	2
HCG17	29958078	Physiol. Genomics	2018	PMC6172615	10.1152/physiolgenomics.00088.2017	2	0	0	0	Humans|Genome-Wide Association Study|Cross-Sectional Studies|Japan|Red Blood Cell Count|Single Nucleotide Polymorphisms|*Phenotypes|Asian Continental Ancestry Group|Quantitative Trait Loci|Exome|Erythrocytes|Cohort Studies	2
BCRP3	27826625	Int. J. Oncol.	2016		10.3892/ijo.2016.3716	44	0	0	0	Humans|*RNA, Long Noncoding|*Lung Adenocarcinoma|miRNAs|Prognosis|mRNA|Gene Regulatory Networks|Gene Expression Regulation, Neoplastic|Biomarkers, Tumor|Gene Ontology|Lymphatic Metastasis|Kaplan-Meier Estimate|TNM Staging System|Lung Neoplasms	1
C9orf66	25520753	Mol Cytogenet	2014	PMC4269072	10.1186/s13039-014-0070-y	4	7	1	0	*Chromatin|In Situ Hybridization, Fluorescence|*Metaphase|*Chromosomes|Interphase|DNA Probes	1
ANKMY1	29340222	Acta Naturae	2018	PMC5762833		1	10	0	62	Humans|Chromatography, Liquid|Tandem Mass Spectrometry|*Thromboxane-A Synthase|*Proteins|Surface Plasmon Resonance|Thromboxane A2|Biosensor|BBIP1 protein, human|Carrier Proteins	1
ANKMY2	25335890	J. Cell. Sci.	2014	PMC4265742	10.1242/jcs.157610	17	0	3	48	Animals|*Caenorhabditis elegans|Caenorhabditis elegans Proteins|Cilium|*Signal Transduction|Bardet-Biedl Syndrome 8|Bardet-Biedl Syndrome|*Ciliopathy|Guanylyl Cyclase|Meckel syndrome type 1|Ciliary Motility Disorders|Cyclic GMP|Sensory Neurons|Polycystic Kidney Diseases|TYRP1 protein, human|*Membrane Glycoproteins|Retinitis Pigmentosa|Encephalocele	3
ANKMY2	25077969	J. Biol. Chem.	2014	PMC4162168	10.1074/jbc.M114.558635	5	4	0	48	Animals|Mice|*Hedgehog Proteins|*FK506 Binding Protein|*Signal Transduction|Zebrafish|Trans-Activators|Gene Expression Regulation, Developmental|Central Nervous System|Morphogenesis|In Situ Hybridization|Shh protein, mouse	3
ANKMY2	21124868	PLoS Genet.	2010	PMC2991253	10.1371/journal.pgen.1001199	10	8	0	48	Animals|Mice|*Cilia|Caenorhabditis elegans|*Guanylyl Cyclase|*MYND Domains|Caenorhabditis elegans Proteins|Protein Transport|Mutations|Phenotype|Alleles|Signal Transduction|Genes, Regulator|Cyclic GMP|Trpv4 protein, mouse|TRPV Cation Channels|Ift122 protein, mouse|Intracellular Signaling Peptides and Proteins|OSM-9 protein, C elegans|Nerve Tissue Proteins	3
ANKRD20A2	29054765	Gene	2017		10.1016/j.gene.2017.10.020	6	0	0	0	Humans|*Germ-Line Mutation|DNA Copy Number Variations|*Lung Cancer|Carcinoma, Non-Small-Cell Lung|Genetic Susceptibility|*Chinese|Oncogenes|Mutation|Pedigree|DNA Sequencing|Smoking	1
AL121748.1	31396449	PeerJ	2019	PMC6679908	10.7717/peerj.7413	2	0	0	0	Humans|*Carcinoma, Hepatocellular|*RNA, Long Noncoding|*Prognosis|*Liver Cancer|Gene Expression Regulation, Neoplastic|Kaplan-Meier Estimate|Biomarkers, Tumor|Gene Expression Profiling|Proportional Hazards Models|Disease-Free Survival|ROC Curve|Risk Factors|Liver Cirrhosis	1
ADAM1B	30844709	Front Biosci (Landmark Ed)	2019			1	0	0	0	Male|Female|Animals|Zona Pellucida|Acrosome Reaction|*Spermatozoa|Acrosome|Fertilization|Sperm-Ovum Interactions|Sperm Capacitation|Zona Pellucida Glycoproteins|Ovum|Cell Membrane|Membrane Glycoproteins|Membrane Proteins|*Genitalia, Female	6
ADAM1B	22926424	Nat Rev Urol	2012		10.1038/nrurol.2012.167	19	1	3	0	Mice|Male|Female|Animals|*Epididymis|*Testis|Phylogeny|Fertilins|Sperm|ADAM11 protein, human|ADAM Proteins|Sperm Maturation|Sperm-Egg Interactions|Membrane Glycoproteins|Germ Cells|Cell Membrane|Knockout Mouse|Tumor Suppressor Proteins|Adam3 protein, mouse	6
ADAM1B	16407235	J. Biol. Chem.	2006		10.1074/jbc.M510558200	22	1	2	0	Male|Female|Humans|Mice|Animals|*Fertilins|*Sperm|Epididymis|Zona Pellucida|*Plasma Membrane|Sperm-Ovum Interactions|Testis|ADAM Proteins|Membrane Glycoproteins|Oviduct|Germ Cells|Cell Adhesion|Fallopian Tubes	6
ADAM1B	15194697	J. Biol. Chem.	2004		10.1074/jbc.M314249200	46	0	4	0	Humans|Male|Female|Mice|Animals|*Fertilins|*Sperm|Zona Pellucida|Epididymis|Sperm-Ovum Interactions|Fertilization|Testis|ADAM Proteins|Membrane Glycoproteins|Plasma Membrane|Infertility, Male|Oviduct|Germ Cells|ADAM 3|*Retinoids|Endoplasmic Reticulum|Fallopian Tubes|Adam3 protein, mouse	6
ADAM1B	12711316	Biochem. Biophys. Res. Commun.	2003		10.1016/s0006-291x(03)00588-6	8	0	2	0	Mice|Male|Animals|*Testis|*Epididymis|*Sperm|Fertilin beta|*Germ Cells|PITRM1 protein, human|ADAM Proteins|Membrane Glycoproteins|Cell Membrane|Spermatogenesis|*Endoplasmic Reticulum|Amino Acid Sequence|Isoforms	6
ADAM1B	12095680	Gene	2002		10.1016/s0378-1119(02)00540-1	3	1	1	0	Humans|Male|Mice|Animals|*Fertilins|*Chromosomes, Human, Pair 5|PITRM1 protein, human|Sperm-Ovum Interactions|ADAM Proteins|Sperm|Membrane Glycoproteins|Testis|Fertilization|Sequences, Amino Acid|DNA Sequence	6
AJ003147.8	31558162	J Transl Med	2019	PMC6764142	10.1186/s12967-019-2068-z	2	0	0	0	*Methylation|*Lung Adenocarcinoma|*Transcriptome Analysis|RNA, Long Noncoding|Prognosis|Adenocarcinoma|Lung Neoplasms|Gene Expression Regulation, Neoplastic|Gene Regulatory Networks|Biomarkers, Tumor|Transcriptome|mRNA|Kaplan-Meier Estimate	1
AC068718.1	24080187	Psychoneuroendocrinology	2013	PMC3844079	10.1016/j.psyneuen.2013.08.014	44	2	3	0	Humans|Female|*Genome-Wide Association Study|*Stress Disorders, Post-Traumatic|*RNA, Long Noncoding|*Risk Factors|Genetic Predisposition to Disease|Polymorphism, Single Nucleotide|European Continental Ancestry Group|Genotype|African Americans|Case-Control Studies|Cohort Studies	1
